﻿{"groups":[{"Properties":{"highvalue":false,"name":"USERS@CYBERDEFENDERS.ORG","domain":"CYBERDEFENDERS.ORG","objectid":"CYBERDEFENDERS.ORG-S-1-5-32-545","distinguishedname":"CN=Users,CN=Builtin,DC=cyberdefenders,DC=org","description":"Users are prevented from making accidental or intentional system-wide changes and can run most applications","admincount":false},"Members":[{"MemberId":"S-1-5-21-3200536464-3375982059-3076520942-513","MemberType":"Group"},{"MemberId":"CYBERDEFENDERS.ORG-S-1-5-11","MemberType":"Group"},{"MemberId":"CYBERDEFENDERS.ORG-S-1-5-4","MemberType":"Group"}],"ObjectIdentifier":"CYBERDEFENDERS.ORG-S-1-5-32-545","Aces":[{"PrincipalSID":"CYBERDEFENDERS.ORG-S-1-5-32-544","PrincipalType":"Group","RightName":"Owner","AceType":"","IsInherited":false},{"PrincipalSID":"CYBERDEFENDERS.ORG-S-1-5-32-548","PrincipalType":"Group","RightName":"GenericAll","AceType":"","IsInherited":false},{"PrincipalSID":"S-1-5-21-3200536464-3375982059-3076520942-512","PrincipalType":"Group","RightName":"GenericAll","AceType":"","IsInherited":false},{"PrincipalSID":"S-1-5-21-3200536464-3375982059-3076520942-519","PrincipalType":"Group","RightName":"GenericAll","AceType":"","IsInherited":true},{"PrincipalSID":"CYBERDEFENDERS.ORG-S-1-5-32-544","PrincipalType":"Group","RightName":"WriteDacl","AceType":"","IsInherited":true},{"PrincipalSID":"CYBERDEFENDERS.ORG-S-1-5-32-544","PrincipalType":"Group","RightName":"WriteOwner","AceType":"","IsInherited":true},{"PrincipalSID":"CYBERDEFENDERS.ORG-S-1-5-32-544","PrincipalType":"Group","RightName":"GenericWrite","AceType":"","IsInherited":true}]},{"Properties":{"highvalue":false,"name":"IIS_IUSRS@CYBERDEFENDERS.ORG","domain":"CYBERDEFENDERS.ORG","objectid":"CYBERDEFENDERS.ORG-S-1-5-32-568","distinguishedname":"CN=IIS_IUSRS,CN=Builtin,DC=cyberdefenders,DC=org","description":"Built-in group used by Internet Information Services.","admincount":false},"Members":[{"MemberId":"CYBERDEFENDERS.ORG-S-1-5-17","MemberType":"Group"}],"ObjectIdentifier":"CYBERDEFENDERS.ORG-S-1-5-32-568","Aces":[{"PrincipalSID":"CYBERDEFENDERS.ORG-S-1-5-32-544","PrincipalType":"Group","RightName":"Owner","AceType":"","IsInherited":false},{"PrincipalSID":"CYBERDEFENDERS.ORG-S-1-5-32-548","PrincipalType":"Group","RightName":"GenericAll","AceType":"","IsInherited":false},{"PrincipalSID":"S-1-5-21-3200536464-3375982059-3076520942-512","PrincipalType":"Group","RightName":"GenericAll","AceType":"","IsInherited":false},{"PrincipalSID":"S-1-5-21-3200536464-3375982059-3076520942-519","PrincipalType":"Group","RightName":"GenericAll","AceType":"","IsInherited":true},{"PrincipalSID":"CYBERDEFENDERS.ORG-S-1-5-32-544","PrincipalType":"Group","RightName":"WriteDacl","AceType":"","IsInherited":true},{"PrincipalSID":"CYBERDEFENDERS.ORG-S-1-5-32-544","PrincipalType":"Group","RightName":"WriteOwner","AceType":"","IsInherited":true},{"PrincipalSID":"CYBERDEFENDERS.ORG-S-1-5-32-544","PrincipalType":"Group","RightName":"GenericWrite","AceType":"","IsInherited":true}]},{"Properties":{"highvalue":false,"name":"REPLICATORS@CYBERDEFENDERS.ORG","domain":"CYBERDEFENDERS.ORG","objectid":"CYBERDEFENDERS.ORG-S-1-5-32-552","distinguishedname":"CN=Replicator,CN=Builtin,DC=cyberdefenders,DC=org","description":"Supports file replication in a domain","admincount":true},"Members":[],"ObjectIdentifier":"CYBERDEFENDERS.ORG-S-1-5-32-552","Aces":[{"PrincipalSID":"S-1-5-21-3200536464-3375982059-3076520942-512","PrincipalType":"Group","RightName":"Owner","AceType":"","IsInherited":false},{"PrincipalSID":"CYBERDEFENDERS.ORG-S-1-5-32-544","PrincipalType":"Group","RightName":"WriteDacl","AceType":"","IsInherited":false},{"PrincipalSID":"CYBERDEFENDERS.ORG-S-1-5-32-544","PrincipalType":"Group","RightName":"WriteOwner","AceType":"","IsInherited":false},{"PrincipalSID":"CYBERDEFENDERS.ORG-S-1-5-32-544","PrincipalType":"Group","RightName":"GenericWrite","AceType":"","IsInherited":false},{"PrincipalSID":"S-1-5-21-3200536464-3375982059-3076520942-512","PrincipalType":"Group","RightName":"WriteDacl","AceType":"","IsInherited":false},{"PrincipalSID":"S-1-5-21-3200536464-3375982059-3076520942-512","PrincipalType":"Group","RightName":"WriteOwner","AceType":"","IsInherited":false},{"PrincipalSID":"S-1-5-21-3200536464-3375982059-3076520942-512","PrincipalType":"Group","RightName":"GenericWrite","AceType":"","IsInherited":false},{"PrincipalSID":"S-1-5-21-3200536464-3375982059-3076520942-519","PrincipalType":"Group","RightName":"WriteDacl","AceType":"","IsInherited":false},{"PrincipalSID":"S-1-5-21-3200536464-3375982059-3076520942-519","PrincipalType":"Group","RightName":"WriteOwner","AceType":"","IsInherited":false},{"PrincipalSID":"S-1-5-21-3200536464-3375982059-3076520942-519","PrincipalType":"Group","RightName":"GenericWrite","AceType":"","IsInherited":false}]},{"Properties":{"highvalue":true,"name":"BACKUP OPERATORS@CYBERDEFENDERS.ORG","domain":"CYBERDEFENDERS.ORG","objectid":"CYBERDEFENDERS.ORG-S-1-5-32-551","distinguishedname":"CN=Backup Operators,CN=Builtin,DC=cyberdefenders,DC=org","description":"Backup Operators can override security restrictions for the sole purpose of backing up or restoring files","admincount":true},"Members":[],"ObjectIdentifier":"CYBERDEFENDERS.ORG-S-1-5-32-551","Aces":[{"PrincipalSID":"S-1-5-21-3200536464-3375982059-3076520942-512","PrincipalType":"Group","RightName":"Owner","AceType":"","IsInherited":false},{"PrincipalSID":"CYBERDEFENDERS.ORG-S-1-5-32-544","PrincipalType":"Group","RightName":"WriteDacl","AceType":"","IsInherited":false},{"PrincipalSID":"CYBERDEFENDERS.ORG-S-1-5-32-544","PrincipalType":"Group","RightName":"WriteOwner","AceType":"","IsInherited":false},{"PrincipalSID":"CYBERDEFENDERS.ORG-S-1-5-32-544","PrincipalType":"Group","RightName":"GenericWrite","AceType":"","IsInherited":false},{"PrincipalSID":"S-1-5-21-3200536464-3375982059-3076520942-512","PrincipalType":"Group","RightName":"WriteDacl","AceType":"","IsInherited":false},{"PrincipalSID":"S-1-5-21-3200536464-3375982059-3076520942-512","PrincipalType":"Group","RightName":"WriteOwner","AceType":"","IsInherited":false},{"PrincipalSID":"S-1-5-21-3200536464-3375982059-3076520942-512","PrincipalType":"Group","RightName":"GenericWrite","AceType":"","IsInherited":false},{"PrincipalSID":"S-1-5-21-3200536464-3375982059-3076520942-519","PrincipalType":"Group","RightName":"WriteDacl","AceType":"","IsInherited":false},{"PrincipalSID":"S-1-5-21-3200536464-3375982059-3076520942-519","PrincipalType":"Group","RightName":"WriteOwner","AceType":"","IsInherited":false},{"PrincipalSID":"S-1-5-21-3200536464-3375982059-3076520942-519","PrincipalType":"Group","RightName":"GenericWrite","AceType":"","IsInherited":false}]},{"Properties":{"highvalue":false,"name":"DISTRIBUTED COM USERS@CYBERDEFENDERS.ORG","domain":"CYBERDEFENDERS.ORG","objectid":"CYBERDEFENDERS.ORG-S-1-5-32-562","distinguishedname":"CN=Distributed COM Users,CN=Builtin,DC=cyberdefenders,DC=org","description":"Members are allowed to launch, activate and use Distributed COM objects on this machine.","admincount":false},"Members":[],"ObjectIdentifier":"CYBERDEFENDERS.ORG-S-1-5-32-562","Aces":[{"PrincipalSID":"CYBERDEFENDERS.ORG-S-1-5-32-544","PrincipalType":"Group","RightName":"Owner","AceType":"","IsInherited":false},{"PrincipalSID":"CYBERDEFENDERS.ORG-S-1-5-32-548","PrincipalType":"Group","RightName":"GenericAll","AceType":"","IsInherited":false},{"PrincipalSID":"S-1-5-21-3200536464-3375982059-3076520942-512","PrincipalType":"Group","RightName":"GenericAll","AceType":"","IsInherited":false},{"PrincipalSID":"S-1-5-21-3200536464-3375982059-3076520942-519","PrincipalType":"Group","RightName":"GenericAll","AceType":"","IsInherited":true},{"PrincipalSID":"CYBERDEFENDERS.ORG-S-1-5-32-544","PrincipalType":"Group","RightName":"WriteDacl","AceType":"","IsInherited":true},{"PrincipalSID":"CYBERDEFENDERS.ORG-S-1-5-32-544","PrincipalType":"Group","RightName":"WriteOwner","AceType":"","IsInherited":true},{"PrincipalSID":"CYBERDEFENDERS.ORG-S-1-5-32-544","PrincipalType":"Group","RightName":"GenericWrite","AceType":"","IsInherited":true}]},{"Properties":{"highvalue":false,"name":"PERFORMANCE MONITOR USERS@CYBERDEFENDERS.ORG","domain":"CYBERDEFENDERS.ORG","objectid":"CYBERDEFENDERS.ORG-S-1-5-32-558","distinguishedname":"CN=Performance Monitor Users,CN=Builtin,DC=cyberdefenders,DC=org","description":"Members of this group can access performance counter data locally and remotely","admincount":false},"Members":[],"ObjectIdentifier":"CYBERDEFENDERS.ORG-S-1-5-32-558","Aces":[{"PrincipalSID":"CYBERDEFENDERS.ORG-S-1-5-32-544","PrincipalType":"Group","RightName":"Owner","AceType":"","IsInherited":false},{"PrincipalSID":"CYBERDEFENDERS.ORG-S-1-5-32-548","PrincipalType":"Group","RightName":"GenericAll","AceType":"","IsInherited":false},{"PrincipalSID":"S-1-5-21-3200536464-3375982059-3076520942-512","PrincipalType":"Group","RightName":"GenericAll","AceType":"","IsInherited":false},{"PrincipalSID":"S-1-5-21-3200536464-3375982059-3076520942-519","PrincipalType":"Group","RightName":"GenericAll","AceType":"","IsInherited":true},{"PrincipalSID":"CYBERDEFENDERS.ORG-S-1-5-32-544","PrincipalType":"Group","RightName":"WriteDacl","AceType":"","IsInherited":true},{"PrincipalSID":"CYBERDEFENDERS.ORG-S-1-5-32-544","PrincipalType":"Group","RightName":"WriteOwner","AceType":"","IsInherited":true},{"PrincipalSID":"CYBERDEFENDERS.ORG-S-1-5-32-544","PrincipalType":"Group","RightName":"GenericWrite","AceType":"","IsInherited":true}]},{"Properties":{"highvalue":true,"name":"PRINT OPERATORS@CYBERDEFENDERS.ORG","domain":"CYBERDEFENDERS.ORG","objectid":"CYBERDEFENDERS.ORG-S-1-5-32-550","distinguishedname":"CN=Print Operators,CN=Builtin,DC=cyberdefenders,DC=org","description":"Members can administer printers installed on domain controllers","admincount":true},"Members":[],"ObjectIdentifier":"CYBERDEFENDERS.ORG-S-1-5-32-550","Aces":[{"PrincipalSID":"S-1-5-21-3200536464-3375982059-3076520942-512","PrincipalType":"Group","RightName":"Owner","AceType":"","IsInherited":false},{"PrincipalSID":"CYBERDEFENDERS.ORG-S-1-5-32-544","PrincipalType":"Group","RightName":"WriteDacl","AceType":"","IsInherited":false},{"PrincipalSID":"CYBERDEFENDERS.ORG-S-1-5-32-544","PrincipalType":"Group","RightName":"WriteOwner","AceType":"","IsInherited":false},{"PrincipalSID":"CYBERDEFENDERS.ORG-S-1-5-32-544","PrincipalType":"Group","RightName":"GenericWrite","AceType":"","IsInherited":false},{"PrincipalSID":"S-1-5-21-3200536464-3375982059-3076520942-512","PrincipalType":"Group","RightName":"WriteDacl","AceType":"","IsInherited":false},{"PrincipalSID":"S-1-5-21-3200536464-3375982059-3076520942-512","PrincipalType":"Group","RightName":"WriteOwner","AceType":"","IsInherited":false},{"PrincipalSID":"S-1-5-21-3200536464-3375982059-3076520942-512","PrincipalType":"Group","RightName":"GenericWrite","AceType":"","IsInherited":false},{"PrincipalSID":"S-1-5-21-3200536464-3375982059-3076520942-519","PrincipalType":"Group","RightName":"WriteDacl","AceType":"","IsInherited":false},{"PrincipalSID":"S-1-5-21-3200536464-3375982059-3076520942-519","PrincipalType":"Group","RightName":"WriteOwner","AceType":"","IsInherited":false},{"PrincipalSID":"S-1-5-21-3200536464-3375982059-3076520942-519","PrincipalType":"Group","RightName":"GenericWrite","AceType":"","IsInherited":false}]},{"Properties":{"highvalue":false,"name":"PERFORMANCE LOG USERS@CYBERDEFENDERS.ORG","domain":"CYBERDEFENDERS.ORG","objectid":"CYBERDEFENDERS.ORG-S-1-5-32-559","distinguishedname":"CN=Performance Log Users,CN=Builtin,DC=cyberdefenders,DC=org","description":"Members of this group may schedule logging of performance counters, enable trace providers, and collect event traces both locally and via remote access to this computer","admincount":false},"Members":[],"ObjectIdentifier":"CYBERDEFENDERS.ORG-S-1-5-32-559","Aces":[{"PrincipalSID":"CYBERDEFENDERS.ORG-S-1-5-32-544","PrincipalType":"Group","RightName":"Owner","AceType":"","IsInherited":false},{"PrincipalSID":"CYBERDEFENDERS.ORG-S-1-5-32-548","PrincipalType":"Group","RightName":"GenericAll","AceType":"","IsInherited":false},{"PrincipalSID":"S-1-5-21-3200536464-3375982059-3076520942-512","PrincipalType":"Group","RightName":"GenericAll","AceType":"","IsInherited":false},{"PrincipalSID":"S-1-5-21-3200536464-3375982059-3076520942-519","PrincipalType":"Group","RightName":"GenericAll","AceType":"","IsInherited":true},{"PrincipalSID":"CYBERDEFENDERS.ORG-S-1-5-32-544","PrincipalType":"Group","RightName":"WriteDacl","AceType":"","IsInherited":true},{"PrincipalSID":"CYBERDEFENDERS.ORG-S-1-5-32-544","PrincipalType":"Group","RightName":"WriteOwner","AceType":"","IsInherited":true},{"PrincipalSID":"CYBERDEFENDERS.ORG-S-1-5-32-544","PrincipalType":"Group","RightName":"GenericWrite","AceType":"","IsInherited":true}]},{"Properties":{"highvalue":false,"name":"EVENT LOG READERS@CYBERDEFENDERS.ORG","domain":"CYBERDEFENDERS.ORG","objectid":"CYBERDEFENDERS.ORG-S-1-5-32-573","distinguishedname":"CN=Event Log Readers,CN=Builtin,DC=cyberdefenders,DC=org","description":"Members of this group can read event logs from local machine","admincount":false},"Members":[],"ObjectIdentifier":"CYBERDEFENDERS.ORG-S-1-5-32-573","Aces":[{"PrincipalSID":"CYBERDEFENDERS.ORG-S-1-5-32-544","PrincipalType":"Group","RightName":"Owner","AceType":"","IsInherited":false},{"PrincipalSID":"CYBERDEFENDERS.ORG-S-1-5-32-548","PrincipalType":"Group","RightName":"GenericAll","AceType":"","IsInherited":false},{"PrincipalSID":"S-1-5-21-3200536464-3375982059-3076520942-512","PrincipalType":"Group","RightName":"GenericAll","AceType":"","IsInherited":false},{"PrincipalSID":"S-1-5-21-3200536464-3375982059-3076520942-519","PrincipalType":"Group","RightName":"GenericAll","AceType":"","IsInherited":true},{"PrincipalSID":"CYBERDEFENDERS.ORG-S-1-5-32-544","PrincipalType":"Group","RightName":"WriteDacl","AceType":"","IsInherited":true},{"PrincipalSID":"CYBERDEFENDERS.ORG-S-1-5-32-544","PrincipalType":"Group","RightName":"WriteOwner","AceType":"","IsInherited":true},{"PrincipalSID":"CYBERDEFENDERS.ORG-S-1-5-32-544","PrincipalType":"Group","RightName":"GenericWrite","AceType":"","IsInherited":true}]},{"Properties":{"highvalue":false,"name":"CERTIFICATE SERVICE DCOM ACCESS@CYBERDEFENDERS.ORG","domain":"CYBERDEFENDERS.ORG","objectid":"CYBERDEFENDERS.ORG-S-1-5-32-574","distinguishedname":"CN=Certificate Service DCOM Access,CN=Builtin,DC=cyberdefenders,DC=org","description":"Members of this group are allowed to connect to Certification Authorities in the enterprise","admincount":false},"Members":[],"ObjectIdentifier":"CYBERDEFENDERS.ORG-S-1-5-32-574","Aces":[{"PrincipalSID":"CYBERDEFENDERS.ORG-S-1-5-32-544","PrincipalType":"Group","RightName":"Owner","AceType":"","IsInherited":false},{"PrincipalSID":"CYBERDEFENDERS.ORG-S-1-5-32-548","PrincipalType":"Group","RightName":"GenericAll","AceType":"","IsInherited":false},{"PrincipalSID":"S-1-5-21-3200536464-3375982059-3076520942-512","PrincipalType":"Group","RightName":"GenericAll","AceType":"","IsInherited":false},{"PrincipalSID":"S-1-5-21-3200536464-3375982059-3076520942-519","PrincipalType":"Group","RightName":"GenericAll","AceType":"","IsInherited":true},{"PrincipalSID":"CYBERDEFENDERS.ORG-S-1-5-32-544","PrincipalType":"Group","RightName":"WriteDacl","AceType":"","IsInherited":true},{"PrincipalSID":"CYBERDEFENDERS.ORG-S-1-5-32-544","PrincipalType":"Group","RightName":"WriteOwner","AceType":"","IsInherited":true},{"PrincipalSID":"CYBERDEFENDERS.ORG-S-1-5-32-544","PrincipalType":"Group","RightName":"GenericWrite","AceType":"","IsInherited":true}]},{"Properties":{"highvalue":false,"name":"CRYPTOGRAPHIC OPERATORS@CYBERDEFENDERS.ORG","domain":"CYBERDEFENDERS.ORG","objectid":"CYBERDEFENDERS.ORG-S-1-5-32-569","distinguishedname":"CN=Cryptographic Operators,CN=Builtin,DC=cyberdefenders,DC=org","description":"Members are authorized to perform cryptographic operations.","admincount":false},"Members":[],"ObjectIdentifier":"CYBERDEFENDERS.ORG-S-1-5-32-569","Aces":[{"PrincipalSID":"CYBERDEFENDERS.ORG-S-1-5-32-544","PrincipalType":"Group","RightName":"Owner","AceType":"","IsInherited":false},{"PrincipalSID":"CYBERDEFENDERS.ORG-S-1-5-32-548","PrincipalType":"Group","RightName":"GenericAll","AceType":"","IsInherited":false},{"PrincipalSID":"S-1-5-21-3200536464-3375982059-3076520942-512","PrincipalType":"Group","RightName":"GenericAll","AceType":"","IsInherited":false},{"PrincipalSID":"S-1-5-21-3200536464-3375982059-3076520942-519","PrincipalType":"Group","RightName":"GenericAll","AceType":"","IsInherited":true},{"PrincipalSID":"CYBERDEFENDERS.ORG-S-1-5-32-544","PrincipalType":"Group","RightName":"WriteDacl","AceType":"","IsInherited":true},{"PrincipalSID":"CYBERDEFENDERS.ORG-S-1-5-32-544","PrincipalType":"Group","RightName":"WriteOwner","AceType":"","IsInherited":true},{"PrincipalSID":"CYBERDEFENDERS.ORG-S-1-5-32-544","PrincipalType":"Group","RightName":"GenericWrite","AceType":"","IsInherited":true}]},{"Properties":{"highvalue":false,"name":"REMOTE DESKTOP USERS@CYBERDEFENDERS.ORG","domain":"CYBERDEFENDERS.ORG","objectid":"CYBERDEFENDERS.ORG-S-1-5-32-555","distinguishedname":"CN=Remote Desktop Users,CN=Builtin,DC=cyberdefenders,DC=org","description":"Members in this group are granted the right to logon remotely","admincount":false},"Members":[],"ObjectIdentifier":"CYBERDEFENDERS.ORG-S-1-5-32-555","Aces":[{"PrincipalSID":"CYBERDEFENDERS.ORG-S-1-5-32-544","PrincipalType":"Group","RightName":"Owner","AceType":"","IsInherited":false},{"PrincipalSID":"CYBERDEFENDERS.ORG-S-1-5-32-548","PrincipalType":"Group","RightName":"GenericAll","AceType":"","IsInherited":false},{"PrincipalSID":"S-1-5-21-3200536464-3375982059-3076520942-512","PrincipalType":"Group","RightName":"GenericAll","AceType":"","IsInherited":false},{"PrincipalSID":"S-1-5-21-3200536464-3375982059-3076520942-519","PrincipalType":"Group","RightName":"GenericAll","AceType":"","IsInherited":true},{"PrincipalSID":"CYBERDEFENDERS.ORG-S-1-5-32-544","PrincipalType":"Group","RightName":"WriteDacl","AceType":"","IsInherited":true},{"PrincipalSID":"CYBERDEFENDERS.ORG-S-1-5-32-544","PrincipalType":"Group","RightName":"WriteOwner","AceType":"","IsInherited":true},{"PrincipalSID":"CYBERDEFENDERS.ORG-S-1-5-32-544","PrincipalType":"Group","RightName":"GenericWrite","AceType":"","IsInherited":true}]},{"Properties":{"highvalue":false,"name":"NETWORK CONFIGURATION OPERATORS@CYBERDEFENDERS.ORG","domain":"CYBERDEFENDERS.ORG","objectid":"CYBERDEFENDERS.ORG-S-1-5-32-556","distinguishedname":"CN=Network Configuration Operators,CN=Builtin,DC=cyberdefenders,DC=org","description":"Members in this group can have some administrative privileges to manage configuration of networking features","admincount":false},"Members":[],"ObjectIdentifier":"CYBERDEFENDERS.ORG-S-1-5-32-556","Aces":[{"PrincipalSID":"CYBERDEFENDERS.ORG-S-1-5-32-544","PrincipalType":"Group","RightName":"Owner","AceType":"","IsInherited":false},{"PrincipalSID":"CYBERDEFENDERS.ORG-S-1-5-32-548","PrincipalType":"Group","RightName":"GenericAll","AceType":"","IsInherited":false},{"PrincipalSID":"S-1-5-21-3200536464-3375982059-3076520942-512","PrincipalType":"Group","RightName":"GenericAll","AceType":"","IsInherited":false},{"PrincipalSID":"S-1-5-21-3200536464-3375982059-3076520942-519","PrincipalType":"Group","RightName":"GenericAll","AceType":"","IsInherited":true},{"PrincipalSID":"CYBERDEFENDERS.ORG-S-1-5-32-544","PrincipalType":"Group","RightName":"WriteDacl","AceType":"","IsInherited":true},{"PrincipalSID":"CYBERDEFENDERS.ORG-S-1-5-32-544","PrincipalType":"Group","RightName":"WriteOwner","AceType":"","IsInherited":true},{"PrincipalSID":"CYBERDEFENDERS.ORG-S-1-5-32-544","PrincipalType":"Group","RightName":"GenericWrite","AceType":"","IsInherited":true}]},{"Properties":{"highvalue":false,"name":"RDS MANAGEMENT SERVERS@CYBERDEFENDERS.ORG","domain":"CYBERDEFENDERS.ORG","objectid":"CYBERDEFENDERS.ORG-S-1-5-32-577","distinguishedname":"CN=RDS Management Servers,CN=Builtin,DC=cyberdefenders,DC=org","description":"Servers in this group can perform routine administrative actions on servers running Remote Desktop Services. This group needs to be populated on all servers in a Remote Desktop Services deployment. The servers running the RDS Central Management service must be included in this group.","admincount":false},"Members":[],"ObjectIdentifier":"CYBERDEFENDERS.ORG-S-1-5-32-577","Aces":[{"PrincipalSID":"CYBERDEFENDERS.ORG-S-1-5-32-544","PrincipalType":"Group","RightName":"Owner","AceType":"","IsInherited":false},{"PrincipalSID":"CYBERDEFENDERS.ORG-S-1-5-32-548","PrincipalType":"Group","RightName":"GenericAll","AceType":"","IsInherited":false},{"PrincipalSID":"S-1-5-21-3200536464-3375982059-3076520942-512","PrincipalType":"Group","RightName":"GenericAll","AceType":"","IsInherited":false},{"PrincipalSID":"S-1-5-21-3200536464-3375982059-3076520942-519","PrincipalType":"Group","RightName":"GenericAll","AceType":"","IsInherited":true},{"PrincipalSID":"CYBERDEFENDERS.ORG-S-1-5-32-544","PrincipalType":"Group","RightName":"WriteDacl","AceType":"","IsInherited":true},{"PrincipalSID":"CYBERDEFENDERS.ORG-S-1-5-32-544","PrincipalType":"Group","RightName":"WriteOwner","AceType":"","IsInherited":true},{"PrincipalSID":"CYBERDEFENDERS.ORG-S-1-5-32-544","PrincipalType":"Group","RightName":"GenericWrite","AceType":"","IsInherited":true}]},{"Properties":{"highvalue":false,"name":"PRE-WINDOWS 2000 COMPATIBLE ACCESS@CYBERDEFENDERS.ORG","domain":"CYBERDEFENDERS.ORG","objectid":"CYBERDEFENDERS.ORG-S-1-5-32-554","distinguishedname":"CN=Pre-Windows 2000 Compatible Access,CN=Builtin,DC=cyberdefenders,DC=org","description":"A backward compatibility group which allows read access on all users and groups in the domain","admincount":false},"Members":[{"MemberId":"CYBERDEFENDERS.ORG-S-1-5-11","MemberType":"Group"}],"ObjectIdentifier":"CYBERDEFENDERS.ORG-S-1-5-32-554","Aces":[{"PrincipalSID":"S-1-5-21-3200536464-3375982059-3076520942-512","PrincipalType":"Group","RightName":"Owner","AceType":"","IsInherited":false},{"PrincipalSID":"CYBERDEFENDERS.ORG-S-1-5-32-548","PrincipalType":"Group","RightName":"GenericAll","AceType":"","IsInherited":false},{"PrincipalSID":"S-1-5-21-3200536464-3375982059-3076520942-512","PrincipalType":"Group","RightName":"GenericAll","AceType":"","IsInherited":false},{"PrincipalSID":"S-1-5-21-3200536464-3375982059-3076520942-519","PrincipalType":"Group","RightName":"GenericAll","AceType":"","IsInherited":true},{"PrincipalSID":"CYBERDEFENDERS.ORG-S-1-5-32-544","PrincipalType":"Group","RightName":"WriteDacl","AceType":"","IsInherited":true},{"PrincipalSID":"CYBERDEFENDERS.ORG-S-1-5-32-544","PrincipalType":"Group","RightName":"WriteOwner","AceType":"","IsInherited":true},{"PrincipalSID":"CYBERDEFENDERS.ORG-S-1-5-32-544","PrincipalType":"Group","RightName":"GenericWrite","AceType":"","IsInherited":true}]},{"Properties":{"highvalue":false,"name":"RDS ENDPOINT SERVERS@CYBERDEFENDERS.ORG","domain":"CYBERDEFENDERS.ORG","objectid":"CYBERDEFENDERS.ORG-S-1-5-32-576","distinguishedname":"CN=RDS Endpoint Servers,CN=Builtin,DC=cyberdefenders,DC=org","description":"Servers in this group run virtual machines and host sessions where users RemoteApp programs and personal virtual desktops run. This group needs to be populated on servers running RD Connection Broker. RD Session Host servers and RD Virtualization Host servers used in the deployment need to be in this group.","admincount":false},"Members":[],"ObjectIdentifier":"CYBERDEFENDERS.ORG-S-1-5-32-576","Aces":[{"PrincipalSID":"CYBERDEFENDERS.ORG-S-1-5-32-544","PrincipalType":"Group","RightName":"Owner","AceType":"","IsInherited":false},{"PrincipalSID":"CYBERDEFENDERS.ORG-S-1-5-32-548","PrincipalType":"Group","RightName":"GenericAll","AceType":"","IsInherited":false},{"PrincipalSID":"S-1-5-21-3200536464-3375982059-3076520942-512","PrincipalType":"Group","RightName":"GenericAll","AceType":"","IsInherited":false},{"PrincipalSID":"S-1-5-21-3200536464-3375982059-3076520942-519","PrincipalType":"Group","RightName":"GenericAll","AceType":"","IsInherited":true},{"PrincipalSID":"CYBERDEFENDERS.ORG-S-1-5-32-544","PrincipalType":"Group","RightName":"WriteDacl","AceType":"","IsInherited":true},{"PrincipalSID":"CYBERDEFENDERS.ORG-S-1-5-32-544","PrincipalType":"Group","RightName":"WriteOwner","AceType":"","IsInherited":true},{"PrincipalSID":"CYBERDEFENDERS.ORG-S-1-5-32-544","PrincipalType":"Group","RightName":"GenericWrite","AceType":"","IsInherited":true}]},{"Properties":{"highvalue":false,"name":"RDS REMOTE ACCESS SERVERS@CYBERDEFENDERS.ORG","domain":"CYBERDEFENDERS.ORG","objectid":"CYBERDEFENDERS.ORG-S-1-5-32-575","distinguishedname":"CN=RDS Remote Access Servers,CN=Builtin,DC=cyberdefenders,DC=org","description":"Servers in this group enable users of RemoteApp programs and personal virtual desktops access to these resources. In Internet-facing deployments, these servers are typically deployed in an edge network. This group needs to be populated on servers running RD Connection Broker. RD Gateway servers and RD Web Access servers used in the deployment need to be in this group.","admincount":false},"Members":[],"ObjectIdentifier":"CYBERDEFENDERS.ORG-S-1-5-32-575","Aces":[{"PrincipalSID":"CYBERDEFENDERS.ORG-S-1-5-32-544","PrincipalType":"Group","RightName":"Owner","AceType":"","IsInherited":false},{"PrincipalSID":"CYBERDEFENDERS.ORG-S-1-5-32-548","PrincipalType":"Group","RightName":"GenericAll","AceType":"","IsInherited":false},{"PrincipalSID":"S-1-5-21-3200536464-3375982059-3076520942-512","PrincipalType":"Group","RightName":"GenericAll","AceType":"","IsInherited":false},{"PrincipalSID":"S-1-5-21-3200536464-3375982059-3076520942-519","PrincipalType":"Group","RightName":"GenericAll","AceType":"","IsInherited":true},{"PrincipalSID":"CYBERDEFENDERS.ORG-S-1-5-32-544","PrincipalType":"Group","RightName":"WriteDacl","AceType":"","IsInherited":true},{"PrincipalSID":"CYBERDEFENDERS.ORG-S-1-5-32-544","PrincipalType":"Group","RightName":"WriteOwner","AceType":"","IsInherited":true},{"PrincipalSID":"CYBERDEFENDERS.ORG-S-1-5-32-544","PrincipalType":"Group","RightName":"GenericWrite","AceType":"","IsInherited":true}]},{"Properties":{"highvalue":true,"name":"SERVER OPERATORS@CYBERDEFENDERS.ORG","domain":"CYBERDEFENDERS.ORG","objectid":"CYBERDEFENDERS.ORG-S-1-5-32-549","distinguishedname":"CN=Server Operators,CN=Builtin,DC=cyberdefenders,DC=org","description":"Members can administer domain servers","admincount":true},"Members":[],"ObjectIdentifier":"CYBERDEFENDERS.ORG-S-1-5-32-549","Aces":[{"PrincipalSID":"S-1-5-21-3200536464-3375982059-3076520942-512","PrincipalType":"Group","RightName":"Owner","AceType":"","IsInherited":false},{"PrincipalSID":"CYBERDEFENDERS.ORG-S-1-5-32-544","PrincipalType":"Group","RightName":"WriteDacl","AceType":"","IsInherited":false},{"PrincipalSID":"CYBERDEFENDERS.ORG-S-1-5-32-544","PrincipalType":"Group","RightName":"WriteOwner","AceType":"","IsInherited":false},{"PrincipalSID":"CYBERDEFENDERS.ORG-S-1-5-32-544","PrincipalType":"Group","RightName":"GenericWrite","AceType":"","IsInherited":false},{"PrincipalSID":"S-1-5-21-3200536464-3375982059-3076520942-512","PrincipalType":"Group","RightName":"WriteDacl","AceType":"","IsInherited":false},{"PrincipalSID":"S-1-5-21-3200536464-3375982059-3076520942-512","PrincipalType":"Group","RightName":"WriteOwner","AceType":"","IsInherited":false},{"PrincipalSID":"S-1-5-21-3200536464-3375982059-3076520942-512","PrincipalType":"Group","RightName":"GenericWrite","AceType":"","IsInherited":false},{"PrincipalSID":"S-1-5-21-3200536464-3375982059-3076520942-519","PrincipalType":"Group","RightName":"WriteDacl","AceType":"","IsInherited":false},{"PrincipalSID":"S-1-5-21-3200536464-3375982059-3076520942-519","PrincipalType":"Group","RightName":"WriteOwner","AceType":"","IsInherited":false},{"PrincipalSID":"S-1-5-21-3200536464-3375982059-3076520942-519","PrincipalType":"Group","RightName":"GenericWrite","AceType":"","IsInherited":false}]},{"Properties":{"highvalue":false,"name":"HYPER-V ADMINISTRATORS@CYBERDEFENDERS.ORG","domain":"CYBERDEFENDERS.ORG","objectid":"CYBERDEFENDERS.ORG-S-1-5-32-578","distinguishedname":"CN=Hyper-V Administrators,CN=Builtin,DC=cyberdefenders,DC=org","description":"Members of this group have complete and unrestricted access to all features of Hyper-V.","admincount":false},"Members":[],"ObjectIdentifier":"CYBERDEFENDERS.ORG-S-1-5-32-578","Aces":[{"PrincipalSID":"CYBERDEFENDERS.ORG-S-1-5-32-544","PrincipalType":"Group","RightName":"Owner","AceType":"","IsInherited":false},{"PrincipalSID":"CYBERDEFENDERS.ORG-S-1-5-32-548","PrincipalType":"Group","RightName":"GenericAll","AceType":"","IsInherited":false},{"PrincipalSID":"S-1-5-21-3200536464-3375982059-3076520942-512","PrincipalType":"Group","RightName":"GenericAll","AceType":"","IsInherited":false},{"PrincipalSID":"S-1-5-21-3200536464-3375982059-3076520942-519","PrincipalType":"Group","RightName":"GenericAll","AceType":"","IsInherited":true},{"PrincipalSID":"CYBERDEFENDERS.ORG-S-1-5-32-544","PrincipalType":"Group","RightName":"WriteDacl","AceType":"","IsInherited":true},{"PrincipalSID":"CYBERDEFENDERS.ORG-S-1-5-32-544","PrincipalType":"Group","RightName":"WriteOwner","AceType":"","IsInherited":true},{"PrincipalSID":"CYBERDEFENDERS.ORG-S-1-5-32-544","PrincipalType":"Group","RightName":"GenericWrite","AceType":"","IsInherited":true}]},{"Properties":{"highvalue":false,"name":"REMOTE MANAGEMENT USERS@CYBERDEFENDERS.ORG","domain":"CYBERDEFENDERS.ORG","objectid":"CYBERDEFENDERS.ORG-S-1-5-32-580","distinguishedname":"CN=Remote Management Users,CN=Builtin,DC=cyberdefenders,DC=org","description":"Members of this group can access WMI resources over management protocols (such as WS-Management via the Windows Remote Management service). This applies only to WMI namespaces that grant access to the user.","admincount":false},"Members":[],"ObjectIdentifier":"CYBERDEFENDERS.ORG-S-1-5-32-580","Aces":[{"PrincipalSID":"CYBERDEFENDERS.ORG-S-1-5-32-544","PrincipalType":"Group","RightName":"Owner","AceType":"","IsInherited":false},{"PrincipalSID":"CYBERDEFENDERS.ORG-S-1-5-32-548","PrincipalType":"Group","RightName":"GenericAll","AceType":"","IsInherited":false},{"PrincipalSID":"S-1-5-21-3200536464-3375982059-3076520942-512","PrincipalType":"Group","RightName":"GenericAll","AceType":"","IsInherited":false},{"PrincipalSID":"S-1-5-21-3200536464-3375982059-3076520942-519","PrincipalType":"Group","RightName":"GenericAll","AceType":"","IsInherited":true},{"PrincipalSID":"CYBERDEFENDERS.ORG-S-1-5-32-544","PrincipalType":"Group","RightName":"WriteDacl","AceType":"","IsInherited":true},{"PrincipalSID":"CYBERDEFENDERS.ORG-S-1-5-32-544","PrincipalType":"Group","RightName":"WriteOwner","AceType":"","IsInherited":true},{"PrincipalSID":"CYBERDEFENDERS.ORG-S-1-5-32-544","PrincipalType":"Group","RightName":"GenericWrite","AceType":"","IsInherited":true}]},{"Properties":{"highvalue":false,"name":"ACCESS CONTROL ASSISTANCE OPERATORS@CYBERDEFENDERS.ORG","domain":"CYBERDEFENDERS.ORG","objectid":"CYBERDEFENDERS.ORG-S-1-5-32-579","distinguishedname":"CN=Access Control Assistance Operators,CN=Builtin,DC=cyberdefenders,DC=org","description":"Members of this group can remotely query authorization attributes and permissions for resources on this computer.","admincount":false},"Members":[],"ObjectIdentifier":"CYBERDEFENDERS.ORG-S-1-5-32-579","Aces":[{"PrincipalSID":"CYBERDEFENDERS.ORG-S-1-5-32-544","PrincipalType":"Group","RightName":"Owner","AceType":"","IsInherited":false},{"PrincipalSID":"CYBERDEFENDERS.ORG-S-1-5-32-548","PrincipalType":"Group","RightName":"GenericAll","AceType":"","IsInherited":false},{"PrincipalSID":"S-1-5-21-3200536464-3375982059-3076520942-512","PrincipalType":"Group","RightName":"GenericAll","AceType":"","IsInherited":false},{"PrincipalSID":"S-1-5-21-3200536464-3375982059-3076520942-519","PrincipalType":"Group","RightName":"GenericAll","AceType":"","IsInherited":true},{"PrincipalSID":"CYBERDEFENDERS.ORG-S-1-5-32-544","PrincipalType":"Group","RightName":"WriteDacl","AceType":"","IsInherited":true},{"PrincipalSID":"CYBERDEFENDERS.ORG-S-1-5-32-544","PrincipalType":"Group","RightName":"WriteOwner","AceType":"","IsInherited":true},{"PrincipalSID":"CYBERDEFENDERS.ORG-S-1-5-32-544","PrincipalType":"Group","RightName":"GenericWrite","AceType":"","IsInherited":true}]},{"Properties":{"highvalue":true,"name":"ACCOUNT OPERATORS@CYBERDEFENDERS.ORG","domain":"CYBERDEFENDERS.ORG","objectid":"CYBERDEFENDERS.ORG-S-1-5-32-548","distinguishedname":"CN=Account Operators,CN=Builtin,DC=cyberdefenders,DC=org","description":"Members can administer domain user and group accounts","admincount":true},"Members":[],"ObjectIdentifier":"CYBERDEFENDERS.ORG-S-1-5-32-548","Aces":[{"PrincipalSID":"S-1-5-21-3200536464-3375982059-3076520942-512","PrincipalType":"Group","RightName":"Owner","AceType":"","IsInherited":false},{"PrincipalSID":"CYBERDEFENDERS.ORG-S-1-5-32-544","PrincipalType":"Group","RightName":"WriteDacl","AceType":"","IsInherited":false},{"PrincipalSID":"CYBERDEFENDERS.ORG-S-1-5-32-544","PrincipalType":"Group","RightName":"WriteOwner","AceType":"","IsInherited":false},{"PrincipalSID":"CYBERDEFENDERS.ORG-S-1-5-32-544","PrincipalType":"Group","RightName":"GenericWrite","AceType":"","IsInherited":false},{"PrincipalSID":"S-1-5-21-3200536464-3375982059-3076520942-512","PrincipalType":"Group","RightName":"WriteDacl","AceType":"","IsInherited":false},{"PrincipalSID":"S-1-5-21-3200536464-3375982059-3076520942-512","PrincipalType":"Group","RightName":"WriteOwner","AceType":"","IsInherited":false},{"PrincipalSID":"S-1-5-21-3200536464-3375982059-3076520942-512","PrincipalType":"Group","RightName":"GenericWrite","AceType":"","IsInherited":false},{"PrincipalSID":"S-1-5-21-3200536464-3375982059-3076520942-519","PrincipalType":"Group","RightName":"WriteDacl","AceType":"","IsInherited":false},{"PrincipalSID":"S-1-5-21-3200536464-3375982059-3076520942-519","PrincipalType":"Group","RightName":"WriteOwner","AceType":"","IsInherited":false},{"PrincipalSID":"S-1-5-21-3200536464-3375982059-3076520942-519","PrincipalType":"Group","RightName":"GenericWrite","AceType":"","IsInherited":false}]},{"Properties":{"highvalue":true,"name":"ADMINISTRATORS@CYBERDEFENDERS.ORG","domain":"CYBERDEFENDERS.ORG","objectid":"CYBERDEFENDERS.ORG-S-1-5-32-544","distinguishedname":"CN=Administrators,CN=Builtin,DC=cyberdefenders,DC=org","description":"Administrators have complete and unrestricted access to the computer/domain","admincount":true},"Members":[{"MemberId":"S-1-5-21-3200536464-3375982059-3076520942-512","MemberType":"Group"},{"MemberId":"S-1-5-21-3200536464-3375982059-3076520942-519","MemberType":"Group"},{"MemberId":"S-1-5-21-3200536464-3375982059-3076520942-500","MemberType":"User"}],"ObjectIdentifier":"CYBERDEFENDERS.ORG-S-1-5-32-544","Aces":[{"PrincipalSID":"S-1-5-21-3200536464-3375982059-3076520942-512","PrincipalType":"Group","RightName":"Owner","AceType":"","IsInherited":false},{"PrincipalSID":"CYBERDEFENDERS.ORG-S-1-5-32-544","PrincipalType":"Group","RightName":"WriteDacl","AceType":"","IsInherited":false},{"PrincipalSID":"CYBERDEFENDERS.ORG-S-1-5-32-544","PrincipalType":"Group","RightName":"WriteOwner","AceType":"","IsInherited":false},{"PrincipalSID":"CYBERDEFENDERS.ORG-S-1-5-32-544","PrincipalType":"Group","RightName":"GenericWrite","AceType":"","IsInherited":false},{"PrincipalSID":"S-1-5-21-3200536464-3375982059-3076520942-512","PrincipalType":"Group","RightName":"WriteDacl","AceType":"","IsInherited":false},{"PrincipalSID":"S-1-5-21-3200536464-3375982059-3076520942-512","PrincipalType":"Group","RightName":"WriteOwner","AceType":"","IsInherited":false},{"PrincipalSID":"S-1-5-21-3200536464-3375982059-3076520942-512","PrincipalType":"Group","RightName":"GenericWrite","AceType":"","IsInherited":false},{"PrincipalSID":"S-1-5-21-3200536464-3375982059-3076520942-519","PrincipalType":"Group","RightName":"WriteDacl","AceType":"","IsInherited":false},{"PrincipalSID":"S-1-5-21-3200536464-3375982059-3076520942-519","PrincipalType":"Group","RightName":"WriteOwner","AceType":"","IsInherited":false},{"PrincipalSID":"S-1-5-21-3200536464-3375982059-3076520942-519","PrincipalType":"Group","RightName":"GenericWrite","AceType":"","IsInherited":false}]},{"Properties":{"highvalue":false,"name":"RAS AND IAS SERVERS@CYBERDEFENDERS.ORG","domain":"CYBERDEFENDERS.ORG","objectid":"S-1-5-21-3200536464-3375982059-3076520942-553","distinguishedname":"CN=RAS and IAS Servers,CN=Users,DC=cyberdefenders,DC=org","description":"Servers in this group can access remote access properties of users","admincount":false},"Members":[],"ObjectIdentifier":"S-1-5-21-3200536464-3375982059-3076520942-553","Aces":[{"PrincipalSID":"S-1-5-21-3200536464-3375982059-3076520942-512","PrincipalType":"Group","RightName":"Owner","AceType":"","IsInherited":false},{"PrincipalSID":"CYBERDEFENDERS.ORG-S-1-5-32-548","PrincipalType":"Group","RightName":"GenericAll","AceType":"","IsInherited":false},{"PrincipalSID":"S-1-5-21-3200536464-3375982059-3076520942-512","PrincipalType":"Group","RightName":"GenericAll","AceType":"","IsInherited":false},{"PrincipalSID":"S-1-5-21-3200536464-3375982059-3076520942-519","PrincipalType":"Group","RightName":"GenericAll","AceType":"","IsInherited":true},{"PrincipalSID":"CYBERDEFENDERS.ORG-S-1-5-32-544","PrincipalType":"Group","RightName":"WriteDacl","AceType":"","IsInherited":true},{"PrincipalSID":"CYBERDEFENDERS.ORG-S-1-5-32-544","PrincipalType":"Group","RightName":"WriteOwner","AceType":"","IsInherited":true},{"PrincipalSID":"CYBERDEFENDERS.ORG-S-1-5-32-544","PrincipalType":"Group","RightName":"GenericWrite","AceType":"","IsInherited":true}]},{"Properties":{"highvalue":false,"name":"CERT PUBLISHERS@CYBERDEFENDERS.ORG","domain":"CYBERDEFENDERS.ORG","objectid":"S-1-5-21-3200536464-3375982059-3076520942-517","distinguishedname":"CN=Cert Publishers,CN=Users,DC=cyberdefenders,DC=org","description":"Members of this group are permitted to publish certificates to the directory","admincount":false},"Members":[],"ObjectIdentifier":"S-1-5-21-3200536464-3375982059-3076520942-517","Aces":[{"PrincipalSID":"S-1-5-21-3200536464-3375982059-3076520942-512","PrincipalType":"Group","RightName":"Owner","AceType":"","IsInherited":false},{"PrincipalSID":"CYBERDEFENDERS.ORG-S-1-5-32-548","PrincipalType":"Group","RightName":"GenericAll","AceType":"","IsInherited":false},{"PrincipalSID":"S-1-5-21-3200536464-3375982059-3076520942-512","PrincipalType":"Group","RightName":"GenericAll","AceType":"","IsInherited":false},{"PrincipalSID":"S-1-5-21-3200536464-3375982059-3076520942-519","PrincipalType":"Group","RightName":"GenericAll","AceType":"","IsInherited":true},{"PrincipalSID":"CYBERDEFENDERS.ORG-S-1-5-32-544","PrincipalType":"Group","RightName":"WriteDacl","AceType":"","IsInherited":true},{"PrincipalSID":"CYBERDEFENDERS.ORG-S-1-5-32-544","PrincipalType":"Group","RightName":"WriteOwner","AceType":"","IsInherited":true},{"PrincipalSID":"CYBERDEFENDERS.ORG-S-1-5-32-544","PrincipalType":"Group","RightName":"GenericWrite","AceType":"","IsInherited":true}]},{"Properties":{"highvalue":false,"name":"WINDOWS AUTHORIZATION ACCESS GROUP@CYBERDEFENDERS.ORG","domain":"CYBERDEFENDERS.ORG","objectid":"CYBERDEFENDERS.ORG-S-1-5-32-560","distinguishedname":"CN=Windows Authorization Access Group,CN=Builtin,DC=cyberdefenders,DC=org","description":"Members of this group have access to the computed tokenGroupsGlobalAndUniversal attribute on User objects","admincount":false},"Members":[{"MemberId":"CYBERDEFENDERS.ORG-S-1-5-9","MemberType":"Group"}],"ObjectIdentifier":"CYBERDEFENDERS.ORG-S-1-5-32-560","Aces":[{"PrincipalSID":"S-1-5-21-3200536464-3375982059-3076520942-512","PrincipalType":"Group","RightName":"Owner","AceType":"","IsInherited":false},{"PrincipalSID":"CYBERDEFENDERS.ORG-S-1-5-32-548","PrincipalType":"Group","RightName":"GenericAll","AceType":"","IsInherited":false},{"PrincipalSID":"S-1-5-21-3200536464-3375982059-3076520942-512","PrincipalType":"Group","RightName":"GenericAll","AceType":"","IsInherited":false},{"PrincipalSID":"S-1-5-21-3200536464-3375982059-3076520942-519","PrincipalType":"Group","RightName":"GenericAll","AceType":"","IsInherited":true},{"PrincipalSID":"CYBERDEFENDERS.ORG-S-1-5-32-544","PrincipalType":"Group","RightName":"WriteDacl","AceType":"","IsInherited":true},{"PrincipalSID":"CYBERDEFENDERS.ORG-S-1-5-32-544","PrincipalType":"Group","RightName":"WriteOwner","AceType":"","IsInherited":true},{"PrincipalSID":"CYBERDEFENDERS.ORG-S-1-5-32-544","PrincipalType":"Group","RightName":"GenericWrite","AceType":"","IsInherited":true}]},{"Properties":{"highvalue":false,"name":"SCHEMA ADMINS@CYBERDEFENDERS.ORG","domain":"CYBERDEFENDERS.ORG","objectid":"S-1-5-21-3200536464-3375982059-3076520942-518","distinguishedname":"CN=Schema Admins,CN=Users,DC=cyberdefenders,DC=org","description":"Designated administrators of the schema","admincount":true},"Members":[{"MemberId":"S-1-5-21-3200536464-3375982059-3076520942-500","MemberType":"User"}],"ObjectIdentifier":"S-1-5-21-3200536464-3375982059-3076520942-518","Aces":[{"PrincipalSID":"S-1-5-21-3200536464-3375982059-3076520942-512","PrincipalType":"Group","RightName":"Owner","AceType":"","IsInherited":false},{"PrincipalSID":"CYBERDEFENDERS.ORG-S-1-5-32-544","PrincipalType":"Group","RightName":"WriteDacl","AceType":"","IsInherited":false},{"PrincipalSID":"CYBERDEFENDERS.ORG-S-1-5-32-544","PrincipalType":"Group","RightName":"WriteOwner","AceType":"","IsInherited":false},{"PrincipalSID":"CYBERDEFENDERS.ORG-S-1-5-32-544","PrincipalType":"Group","RightName":"GenericWrite","AceType":"","IsInherited":false},{"PrincipalSID":"S-1-5-21-3200536464-3375982059-3076520942-512","PrincipalType":"Group","RightName":"WriteDacl","AceType":"","IsInherited":false},{"PrincipalSID":"S-1-5-21-3200536464-3375982059-3076520942-512","PrincipalType":"Group","RightName":"WriteOwner","AceType":"","IsInherited":false},{"PrincipalSID":"S-1-5-21-3200536464-3375982059-3076520942-512","PrincipalType":"Group","RightName":"GenericWrite","AceType":"","IsInherited":false},{"PrincipalSID":"S-1-5-21-3200536464-3375982059-3076520942-519","PrincipalType":"Group","RightName":"WriteDacl","AceType":"","IsInherited":false},{"PrincipalSID":"S-1-5-21-3200536464-3375982059-3076520942-519","PrincipalType":"Group","RightName":"WriteOwner","AceType":"","IsInherited":false},{"PrincipalSID":"S-1-5-21-3200536464-3375982059-3076520942-519","PrincipalType":"Group","RightName":"GenericWrite","AceType":"","IsInherited":false}]},{"Properties":{"highvalue":true,"name":"DOMAIN ADMINS@CYBERDEFENDERS.ORG","domain":"CYBERDEFENDERS.ORG","objectid":"S-1-5-21-3200536464-3375982059-3076520942-512","distinguishedname":"CN=Domain Admins,CN=Users,DC=cyberdefenders,DC=org","description":"Designated administrators of the domain","admincount":true},"Members":[{"MemberId":"S-1-5-21-3200536464-3375982059-3076520942-500","MemberType":"User"}],"ObjectIdentifier":"S-1-5-21-3200536464-3375982059-3076520942-512","Aces":[{"PrincipalSID":"S-1-5-21-3200536464-3375982059-3076520942-512","PrincipalType":"Group","RightName":"Owner","AceType":"","IsInherited":false},{"PrincipalSID":"CYBERDEFENDERS.ORG-S-1-5-32-544","PrincipalType":"Group","RightName":"WriteDacl","AceType":"","IsInherited":false},{"PrincipalSID":"CYBERDEFENDERS.ORG-S-1-5-32-544","PrincipalType":"Group","RightName":"WriteOwner","AceType":"","IsInherited":false},{"PrincipalSID":"CYBERDEFENDERS.ORG-S-1-5-32-544","PrincipalType":"Group","RightName":"GenericWrite","AceType":"","IsInherited":false},{"PrincipalSID":"S-1-5-21-3200536464-3375982059-3076520942-512","PrincipalType":"Group","RightName":"WriteDacl","AceType":"","IsInherited":false},{"PrincipalSID":"S-1-5-21-3200536464-3375982059-3076520942-512","PrincipalType":"Group","RightName":"WriteOwner","AceType":"","IsInherited":false},{"PrincipalSID":"S-1-5-21-3200536464-3375982059-3076520942-512","PrincipalType":"Group","RightName":"GenericWrite","AceType":"","IsInherited":false},{"PrincipalSID":"S-1-5-21-3200536464-3375982059-3076520942-519","PrincipalType":"Group","RightName":"WriteDacl","AceType":"","IsInherited":false},{"PrincipalSID":"S-1-5-21-3200536464-3375982059-3076520942-519","PrincipalType":"Group","RightName":"WriteOwner","AceType":"","IsInherited":false},{"PrincipalSID":"S-1-5-21-3200536464-3375982059-3076520942-519","PrincipalType":"Group","RightName":"GenericWrite","AceType":"","IsInherited":false}]},{"Properties":{"highvalue":true,"name":"ENTERPRISE ADMINS@CYBERDEFENDERS.ORG","domain":"CYBERDEFENDERS.ORG","objectid":"S-1-5-21-3200536464-3375982059-3076520942-519","distinguishedname":"CN=Enterprise Admins,CN=Users,DC=cyberdefenders,DC=org","description":"Designated administrators of the enterprise","admincount":true},"Members":[{"MemberId":"S-1-5-21-3200536464-3375982059-3076520942-500","MemberType":"User"}],"ObjectIdentifier":"S-1-5-21-3200536464-3375982059-3076520942-519","Aces":[{"PrincipalSID":"S-1-5-21-3200536464-3375982059-3076520942-512","PrincipalType":"Group","RightName":"Owner","AceType":"","IsInherited":false},{"PrincipalSID":"CYBERDEFENDERS.ORG-S-1-5-32-544","PrincipalType":"Group","RightName":"WriteDacl","AceType":"","IsInherited":false},{"PrincipalSID":"CYBERDEFENDERS.ORG-S-1-5-32-544","PrincipalType":"Group","RightName":"WriteOwner","AceType":"","IsInherited":false},{"PrincipalSID":"CYBERDEFENDERS.ORG-S-1-5-32-544","PrincipalType":"Group","RightName":"GenericWrite","AceType":"","IsInherited":false},{"PrincipalSID":"S-1-5-21-3200536464-3375982059-3076520942-512","PrincipalType":"Group","RightName":"WriteDacl","AceType":"","IsInherited":false},{"PrincipalSID":"S-1-5-21-3200536464-3375982059-3076520942-512","PrincipalType":"Group","RightName":"WriteOwner","AceType":"","IsInherited":false},{"PrincipalSID":"S-1-5-21-3200536464-3375982059-3076520942-512","PrincipalType":"Group","RightName":"GenericWrite","AceType":"","IsInherited":false},{"PrincipalSID":"S-1-5-21-3200536464-3375982059-3076520942-519","PrincipalType":"Group","RightName":"WriteDacl","AceType":"","IsInherited":false},{"PrincipalSID":"S-1-5-21-3200536464-3375982059-3076520942-519","PrincipalType":"Group","RightName":"WriteOwner","AceType":"","IsInherited":false},{"PrincipalSID":"S-1-5-21-3200536464-3375982059-3076520942-519","PrincipalType":"Group","RightName":"GenericWrite","AceType":"","IsInherited":false}]},{"Properties":{"highvalue":false,"name":"DENIED RODC PASSWORD REPLICATION GROUP@CYBERDEFENDERS.ORG","domain":"CYBERDEFENDERS.ORG","objectid":"S-1-5-21-3200536464-3375982059-3076520942-572","distinguishedname":"CN=Denied RODC Password Replication Group,CN=Users,DC=cyberdefenders,DC=org","description":"Members in this group cannot have their passwords replicated to any read-only domain controllers in the domain","admincount":false},"Members":[{"MemberId":"S-1-5-21-3200536464-3375982059-3076520942-521","MemberType":"Group"},{"MemberId":"S-1-5-21-3200536464-3375982059-3076520942-520","MemberType":"Group"},{"MemberId":"S-1-5-21-3200536464-3375982059-3076520942-512","MemberType":"Group"},{"MemberId":"S-1-5-21-3200536464-3375982059-3076520942-517","MemberType":"Group"},{"MemberId":"S-1-5-21-3200536464-3375982059-3076520942-519","MemberType":"Group"},{"MemberId":"S-1-5-21-3200536464-3375982059-3076520942-518","MemberType":"Group"},{"MemberId":"S-1-5-21-3200536464-3375982059-3076520942-516","MemberType":"Group"},{"MemberId":"S-1-5-21-3200536464-3375982059-3076520942-502","MemberType":"User"}],"ObjectIdentifier":"S-1-5-21-3200536464-3375982059-3076520942-572","Aces":[{"PrincipalSID":"S-1-5-21-3200536464-3375982059-3076520942-512","PrincipalType":"Group","RightName":"Owner","AceType":"","IsInherited":false},{"PrincipalSID":"CYBERDEFENDERS.ORG-S-1-5-32-548","PrincipalType":"Group","RightName":"GenericAll","AceType":"","IsInherited":false},{"PrincipalSID":"S-1-5-21-3200536464-3375982059-3076520942-512","PrincipalType":"Group","RightName":"GenericAll","AceType":"","IsInherited":false},{"PrincipalSID":"S-1-5-21-3200536464-3375982059-3076520942-519","PrincipalType":"Group","RightName":"GenericAll","AceType":"","IsInherited":true},{"PrincipalSID":"CYBERDEFENDERS.ORG-S-1-5-32-544","PrincipalType":"Group","RightName":"WriteDacl","AceType":"","IsInherited":true},{"PrincipalSID":"CYBERDEFENDERS.ORG-S-1-5-32-544","PrincipalType":"Group","RightName":"WriteOwner","AceType":"","IsInherited":true},{"PrincipalSID":"CYBERDEFENDERS.ORG-S-1-5-32-544","PrincipalType":"Group","RightName":"GenericWrite","AceType":"","IsInherited":true}]},{"Properties":{"highvalue":true,"name":"GROUP POLICY CREATOR OWNERS@CYBERDEFENDERS.ORG","domain":"CYBERDEFENDERS.ORG","objectid":"S-1-5-21-3200536464-3375982059-3076520942-520","distinguishedname":"CN=Group Policy Creator Owners,CN=Users,DC=cyberdefenders,DC=org","description":"Members in this group can modify group policy for the domain","admincount":false},"Members":[{"MemberId":"S-1-5-21-3200536464-3375982059-3076520942-500","MemberType":"User"}],"ObjectIdentifier":"S-1-5-21-3200536464-3375982059-3076520942-520","Aces":[{"PrincipalSID":"S-1-5-21-3200536464-3375982059-3076520942-512","PrincipalType":"Group","RightName":"Owner","AceType":"","IsInherited":false},{"PrincipalSID":"CYBERDEFENDERS.ORG-S-1-5-32-548","PrincipalType":"Group","RightName":"GenericAll","AceType":"","IsInherited":false},{"PrincipalSID":"S-1-5-21-3200536464-3375982059-3076520942-512","PrincipalType":"Group","RightName":"GenericAll","AceType":"","IsInherited":false},{"PrincipalSID":"S-1-5-21-3200536464-3375982059-3076520942-519","PrincipalType":"Group","RightName":"GenericAll","AceType":"","IsInherited":true},{"PrincipalSID":"CYBERDEFENDERS.ORG-S-1-5-32-544","PrincipalType":"Group","RightName":"WriteDacl","AceType":"","IsInherited":true},{"PrincipalSID":"CYBERDEFENDERS.ORG-S-1-5-32-544","PrincipalType":"Group","RightName":"WriteOwner","AceType":"","IsInherited":true},{"PrincipalSID":"CYBERDEFENDERS.ORG-S-1-5-32-544","PrincipalType":"Group","RightName":"GenericWrite","AceType":"","IsInherited":true}]},{"Properties":{"highvalue":false,"name":"GUESTS@CYBERDEFENDERS.ORG","domain":"CYBERDEFENDERS.ORG","objectid":"CYBERDEFENDERS.ORG-S-1-5-32-546","distinguishedname":"CN=Guests,CN=Builtin,DC=cyberdefenders,DC=org","description":"Guests have the same access as members of the Users group by default, except for the Guest account which is further restricted","admincount":false},"Members":[{"MemberId":"S-1-5-21-3200536464-3375982059-3076520942-514","MemberType":"Group"},{"MemberId":"S-1-5-21-3200536464-3375982059-3076520942-501","MemberType":"User"}],"ObjectIdentifier":"CYBERDEFENDERS.ORG-S-1-5-32-546","Aces":[{"PrincipalSID":"CYBERDEFENDERS.ORG-S-1-5-32-544","PrincipalType":"Group","RightName":"Owner","AceType":"","IsInherited":false},{"PrincipalSID":"CYBERDEFENDERS.ORG-S-1-5-32-548","PrincipalType":"Group","RightName":"GenericAll","AceType":"","IsInherited":false},{"PrincipalSID":"S-1-5-21-3200536464-3375982059-3076520942-512","PrincipalType":"Group","RightName":"GenericAll","AceType":"","IsInherited":false},{"PrincipalSID":"S-1-5-21-3200536464-3375982059-3076520942-519","PrincipalType":"Group","RightName":"GenericAll","AceType":"","IsInherited":true},{"PrincipalSID":"CYBERDEFENDERS.ORG-S-1-5-32-544","PrincipalType":"Group","RightName":"WriteDacl","AceType":"","IsInherited":true},{"PrincipalSID":"CYBERDEFENDERS.ORG-S-1-5-32-544","PrincipalType":"Group","RightName":"WriteOwner","AceType":"","IsInherited":true},{"PrincipalSID":"CYBERDEFENDERS.ORG-S-1-5-32-544","PrincipalType":"Group","RightName":"GenericWrite","AceType":"","IsInherited":true}]},{"Properties":{"highvalue":false,"name":"INCOMING FOREST TRUST BUILDERS@CYBERDEFENDERS.ORG","domain":"CYBERDEFENDERS.ORG","objectid":"CYBERDEFENDERS.ORG-S-1-5-32-557","distinguishedname":"CN=Incoming Forest Trust Builders,CN=Builtin,DC=cyberdefenders,DC=org","description":"Members of this group can create incoming, one-way trusts to this forest","admincount":false},"Members":[],"ObjectIdentifier":"CYBERDEFENDERS.ORG-S-1-5-32-557","Aces":[{"PrincipalSID":"S-1-5-21-3200536464-3375982059-3076520942-512","PrincipalType":"Group","RightName":"Owner","AceType":"","IsInherited":false},{"PrincipalSID":"CYBERDEFENDERS.ORG-S-1-5-32-548","PrincipalType":"Group","RightName":"GenericAll","AceType":"","IsInherited":false},{"PrincipalSID":"S-1-5-21-3200536464-3375982059-3076520942-512","PrincipalType":"Group","RightName":"GenericAll","AceType":"","IsInherited":false},{"PrincipalSID":"S-1-5-21-3200536464-3375982059-3076520942-519","PrincipalType":"Group","RightName":"GenericAll","AceType":"","IsInherited":true},{"PrincipalSID":"CYBERDEFENDERS.ORG-S-1-5-32-544","PrincipalType":"Group","RightName":"WriteDacl","AceType":"","IsInherited":true},{"PrincipalSID":"CYBERDEFENDERS.ORG-S-1-5-32-544","PrincipalType":"Group","RightName":"WriteOwner","AceType":"","IsInherited":true},{"PrincipalSID":"CYBERDEFENDERS.ORG-S-1-5-32-544","PrincipalType":"Group","RightName":"GenericWrite","AceType":"","IsInherited":true}]},{"Properties":{"highvalue":false,"name":"TERMINAL SERVER LICENSE SERVERS@CYBERDEFENDERS.ORG","domain":"CYBERDEFENDERS.ORG","objectid":"CYBERDEFENDERS.ORG-S-1-5-32-561","distinguishedname":"CN=Terminal Server License Servers,CN=Builtin,DC=cyberdefenders,DC=org","description":"Members of this group can update user accounts in Active Directory with information about license issuance, for the purpose of tracking and reporting TS Per User CAL usage","admincount":false},"Members":[],"ObjectIdentifier":"CYBERDEFENDERS.ORG-S-1-5-32-561","Aces":[{"PrincipalSID":"S-1-5-21-3200536464-3375982059-3076520942-512","PrincipalType":"Group","RightName":"Owner","AceType":"","IsInherited":false},{"PrincipalSID":"CYBERDEFENDERS.ORG-S-1-5-32-548","PrincipalType":"Group","RightName":"GenericAll","AceType":"","IsInherited":false},{"PrincipalSID":"S-1-5-21-3200536464-3375982059-3076520942-512","PrincipalType":"Group","RightName":"GenericAll","AceType":"","IsInherited":false},{"PrincipalSID":"S-1-5-21-3200536464-3375982059-3076520942-519","PrincipalType":"Group","RightName":"GenericAll","AceType":"","IsInherited":true},{"PrincipalSID":"CYBERDEFENDERS.ORG-S-1-5-32-544","PrincipalType":"Group","RightName":"WriteDacl","AceType":"","IsInherited":true},{"PrincipalSID":"CYBERDEFENDERS.ORG-S-1-5-32-544","PrincipalType":"Group","RightName":"WriteOwner","AceType":"","IsInherited":true},{"PrincipalSID":"CYBERDEFENDERS.ORG-S-1-5-32-544","PrincipalType":"Group","RightName":"GenericWrite","AceType":"","IsInherited":true}]},{"Properties":{"highvalue":false,"name":"READ-ONLY DOMAIN CONTROLLERS@CYBERDEFENDERS.ORG","domain":"CYBERDEFENDERS.ORG","objectid":"S-1-5-21-3200536464-3375982059-3076520942-521","distinguishedname":"CN=Read-only Domain Controllers,CN=Users,DC=cyberdefenders,DC=org","description":"Members of this group are Read-Only Domain Controllers in the domain","admincount":true},"Members":[],"ObjectIdentifier":"S-1-5-21-3200536464-3375982059-3076520942-521","Aces":[{"PrincipalSID":"S-1-5-21-3200536464-3375982059-3076520942-512","PrincipalType":"Group","RightName":"Owner","AceType":"","IsInherited":false},{"PrincipalSID":"CYBERDEFENDERS.ORG-S-1-5-32-544","PrincipalType":"Group","RightName":"WriteDacl","AceType":"","IsInherited":false},{"PrincipalSID":"CYBERDEFENDERS.ORG-S-1-5-32-544","PrincipalType":"Group","RightName":"WriteOwner","AceType":"","IsInherited":false},{"PrincipalSID":"CYBERDEFENDERS.ORG-S-1-5-32-544","PrincipalType":"Group","RightName":"GenericWrite","AceType":"","IsInherited":false},{"PrincipalSID":"S-1-5-21-3200536464-3375982059-3076520942-512","PrincipalType":"Group","RightName":"WriteDacl","AceType":"","IsInherited":false},{"PrincipalSID":"S-1-5-21-3200536464-3375982059-3076520942-512","PrincipalType":"Group","RightName":"WriteOwner","AceType":"","IsInherited":false},{"PrincipalSID":"S-1-5-21-3200536464-3375982059-3076520942-512","PrincipalType":"Group","RightName":"GenericWrite","AceType":"","IsInherited":false},{"PrincipalSID":"S-1-5-21-3200536464-3375982059-3076520942-519","PrincipalType":"Group","RightName":"WriteDacl","AceType":"","IsInherited":false},{"PrincipalSID":"S-1-5-21-3200536464-3375982059-3076520942-519","PrincipalType":"Group","RightName":"WriteOwner","AceType":"","IsInherited":false},{"PrincipalSID":"S-1-5-21-3200536464-3375982059-3076520942-519","PrincipalType":"Group","RightName":"GenericWrite","AceType":"","IsInherited":false}]},{"Properties":{"highvalue":false,"name":"STORAGE REPLICA ADMINISTRATORS@CYBERDEFENDERS.ORG","domain":"CYBERDEFENDERS.ORG","objectid":"S-1-5-32-582","distinguishedname":"CN=Storage Replica Administrators,CN=Builtin,DC=cyberdefenders,DC=org","description":"Members of this group have complete and unrestricted access to all features of Storage Replica.","admincount":false},"Members":[],"ObjectIdentifier":"S-1-5-32-582","Aces":[{"PrincipalSID":"CYBERDEFENDERS.ORG-S-1-5-32-544","PrincipalType":"Group","RightName":"Owner","AceType":"","IsInherited":false},{"PrincipalSID":"CYBERDEFENDERS.ORG-S-1-5-32-548","PrincipalType":"Group","RightName":"GenericAll","AceType":"","IsInherited":false},{"PrincipalSID":"S-1-5-21-3200536464-3375982059-3076520942-512","PrincipalType":"Group","RightName":"GenericAll","AceType":"","IsInherited":false},{"PrincipalSID":"S-1-5-21-3200536464-3375982059-3076520942-519","PrincipalType":"Group","RightName":"GenericAll","AceType":"","IsInherited":true},{"PrincipalSID":"CYBERDEFENDERS.ORG-S-1-5-32-544","PrincipalType":"Group","RightName":"WriteDacl","AceType":"","IsInherited":true},{"PrincipalSID":"CYBERDEFENDERS.ORG-S-1-5-32-544","PrincipalType":"Group","RightName":"WriteOwner","AceType":"","IsInherited":true},{"PrincipalSID":"CYBERDEFENDERS.ORG-S-1-5-32-544","PrincipalType":"Group","RightName":"GenericWrite","AceType":"","IsInherited":true}]},{"Properties":{"highvalue":false,"name":"DOMAIN USERS@CYBERDEFENDERS.ORG","domain":"CYBERDEFENDERS.ORG","objectid":"S-1-5-21-3200536464-3375982059-3076520942-513","distinguishedname":"CN=Domain Users,CN=Users,DC=cyberdefenders,DC=org","description":"All domain users","admincount":false},"Members":[],"ObjectIdentifier":"S-1-5-21-3200536464-3375982059-3076520942-513","Aces":[{"PrincipalSID":"S-1-5-21-3200536464-3375982059-3076520942-512","PrincipalType":"Group","RightName":"Owner","AceType":"","IsInherited":false},{"PrincipalSID":"CYBERDEFENDERS.ORG-S-1-5-32-548","PrincipalType":"Group","RightName":"GenericAll","AceType":"","IsInherited":false},{"PrincipalSID":"S-1-5-21-3200536464-3375982059-3076520942-512","PrincipalType":"Group","RightName":"GenericAll","AceType":"","IsInherited":false},{"PrincipalSID":"S-1-5-21-3200536464-3375982059-3076520942-519","PrincipalType":"Group","RightName":"GenericAll","AceType":"","IsInherited":true},{"PrincipalSID":"CYBERDEFENDERS.ORG-S-1-5-32-544","PrincipalType":"Group","RightName":"WriteDacl","AceType":"","IsInherited":true},{"PrincipalSID":"CYBERDEFENDERS.ORG-S-1-5-32-544","PrincipalType":"Group","RightName":"WriteOwner","AceType":"","IsInherited":true},{"PrincipalSID":"CYBERDEFENDERS.ORG-S-1-5-32-544","PrincipalType":"Group","RightName":"GenericWrite","AceType":"","IsInherited":true}]},{"Properties":{"highvalue":false,"name":"DOMAIN GUESTS@CYBERDEFENDERS.ORG","domain":"CYBERDEFENDERS.ORG","objectid":"S-1-5-21-3200536464-3375982059-3076520942-514","distinguishedname":"CN=Domain Guests,CN=Users,DC=cyberdefenders,DC=org","description":"All domain guests","admincount":false},"Members":[],"ObjectIdentifier":"S-1-5-21-3200536464-3375982059-3076520942-514","Aces":[{"PrincipalSID":"S-1-5-21-3200536464-3375982059-3076520942-512","PrincipalType":"Group","RightName":"Owner","AceType":"","IsInherited":false},{"PrincipalSID":"CYBERDEFENDERS.ORG-S-1-5-32-548","PrincipalType":"Group","RightName":"GenericAll","AceType":"","IsInherited":false},{"PrincipalSID":"S-1-5-21-3200536464-3375982059-3076520942-512","PrincipalType":"Group","RightName":"GenericAll","AceType":"","IsInherited":false},{"PrincipalSID":"S-1-5-21-3200536464-3375982059-3076520942-519","PrincipalType":"Group","RightName":"GenericAll","AceType":"","IsInherited":true},{"PrincipalSID":"CYBERDEFENDERS.ORG-S-1-5-32-544","PrincipalType":"Group","RightName":"WriteDacl","AceType":"","IsInherited":true},{"PrincipalSID":"CYBERDEFENDERS.ORG-S-1-5-32-544","PrincipalType":"Group","RightName":"WriteOwner","AceType":"","IsInherited":true},{"PrincipalSID":"CYBERDEFENDERS.ORG-S-1-5-32-544","PrincipalType":"Group","RightName":"GenericWrite","AceType":"","IsInherited":true}]},{"Properties":{"highvalue":false,"name":"DOMAIN COMPUTERS@CYBERDEFENDERS.ORG","domain":"CYBERDEFENDERS.ORG","objectid":"S-1-5-21-3200536464-3375982059-3076520942-515","distinguishedname":"CN=Domain Computers,CN=Users,DC=cyberdefenders,DC=org","description":"All workstations and servers joined to the domain","admincount":false},"Members":[],"ObjectIdentifier":"S-1-5-21-3200536464-3375982059-3076520942-515","Aces":[{"PrincipalSID":"S-1-5-21-3200536464-3375982059-3076520942-512","PrincipalType":"Group","RightName":"Owner","AceType":"","IsInherited":false},{"PrincipalSID":"CYBERDEFENDERS.ORG-S-1-5-32-548","PrincipalType":"Group","RightName":"GenericAll","AceType":"","IsInherited":false},{"PrincipalSID":"S-1-5-21-3200536464-3375982059-3076520942-512","PrincipalType":"Group","RightName":"GenericAll","AceType":"","IsInherited":false},{"PrincipalSID":"S-1-5-21-3200536464-3375982059-3076520942-519","PrincipalType":"Group","RightName":"GenericAll","AceType":"","IsInherited":true},{"PrincipalSID":"CYBERDEFENDERS.ORG-S-1-5-32-544","PrincipalType":"Group","RightName":"WriteDacl","AceType":"","IsInherited":true},{"PrincipalSID":"CYBERDEFENDERS.ORG-S-1-5-32-544","PrincipalType":"Group","RightName":"WriteOwner","AceType":"","IsInherited":true},{"PrincipalSID":"CYBERDEFENDERS.ORG-S-1-5-32-544","PrincipalType":"Group","RightName":"GenericWrite","AceType":"","IsInherited":true}]},{"Properties":{"highvalue":false,"name":"SERVICES@CYBERDEFENDERS.ORG","domain":"CYBERDEFENDERS.ORG","objectid":"S-1-5-21-3200536464-3375982059-3076520942-1105","distinguishedname":"CN=services,CN=Users,DC=cyberdefenders,DC=org","description":null,"admincount":false},"Members":[{"MemberId":"S-1-5-21-3200536464-3375982059-3076520942-1104","MemberType":"User"}],"ObjectIdentifier":"S-1-5-21-3200536464-3375982059-3076520942-1105","Aces":[{"PrincipalSID":"S-1-5-21-3200536464-3375982059-3076520942-512","PrincipalType":"Group","RightName":"Owner","AceType":"","IsInherited":false},{"PrincipalSID":"CYBERDEFENDERS.ORG-S-1-5-32-548","PrincipalType":"Group","RightName":"GenericAll","AceType":"","IsInherited":false},{"PrincipalSID":"S-1-5-21-3200536464-3375982059-3076520942-512","PrincipalType":"Group","RightName":"GenericAll","AceType":"","IsInherited":false},{"PrincipalSID":"S-1-5-21-3200536464-3375982059-3076520942-519","PrincipalType":"Group","RightName":"GenericAll","AceType":"","IsInherited":true},{"PrincipalSID":"CYBERDEFENDERS.ORG-S-1-5-32-544","PrincipalType":"Group","RightName":"WriteDacl","AceType":"","IsInherited":true},{"PrincipalSID":"CYBERDEFENDERS.ORG-S-1-5-32-544","PrincipalType":"Group","RightName":"WriteOwner","AceType":"","IsInherited":true},{"PrincipalSID":"CYBERDEFENDERS.ORG-S-1-5-32-544","PrincipalType":"Group","RightName":"GenericWrite","AceType":"","IsInherited":true}]},{"Properties":{"highvalue":false,"name":"IT@CYBERDEFENDERS.ORG","domain":"CYBERDEFENDERS.ORG","objectid":"S-1-5-21-3200536464-3375982059-3076520942-1106","distinguishedname":"CN=IT,CN=Users,DC=cyberdefenders,DC=org","description":null,"admincount":false},"Members":[{"MemberId":"S-1-5-21-3200536464-3375982059-3076520942-1105","MemberType":"Group"}],"ObjectIdentifier":"S-1-5-21-3200536464-3375982059-3076520942-1106","Aces":[{"PrincipalSID":"S-1-5-21-3200536464-3375982059-3076520942-512","PrincipalType":"Group","RightName":"Owner","AceType":"","IsInherited":false},{"PrincipalSID":"CYBERDEFENDERS.ORG-S-1-5-32-548","PrincipalType":"Group","RightName":"GenericAll","AceType":"","IsInherited":false},{"PrincipalSID":"S-1-5-21-3200536464-3375982059-3076520942-512","PrincipalType":"Group","RightName":"GenericAll","AceType":"","IsInherited":false},{"PrincipalSID":"S-1-5-21-3200536464-3375982059-3076520942-519","PrincipalType":"Group","RightName":"GenericAll","AceType":"","IsInherited":true},{"PrincipalSID":"CYBERDEFENDERS.ORG-S-1-5-32-544","PrincipalType":"Group","RightName":"WriteDacl","AceType":"","IsInherited":true},{"PrincipalSID":"CYBERDEFENDERS.ORG-S-1-5-32-544","PrincipalType":"Group","RightName":"WriteOwner","AceType":"","IsInherited":true},{"PrincipalSID":"CYBERDEFENDERS.ORG-S-1-5-32-544","PrincipalType":"Group","RightName":"GenericWrite","AceType":"","IsInherited":true}]},{"Properties":{"highvalue":false,"name":"OPERATORS@CYBERDEFENDERS.ORG","domain":"CYBERDEFENDERS.ORG","objectid":"S-1-5-21-3200536464-3375982059-3076520942-1107","distinguishedname":"CN=operators,CN=Users,DC=cyberdefenders,DC=org","description":null,"admincount":false},"Members":[{"MemberId":"S-1-5-21-3200536464-3375982059-3076520942-1106","MemberType":"Group"}],"ObjectIdentifier":"S-1-5-21-3200536464-3375982059-3076520942-1107","Aces":[{"PrincipalSID":"S-1-5-21-3200536464-3375982059-3076520942-512","PrincipalType":"Group","RightName":"Owner","AceType":"","IsInherited":false},{"PrincipalSID":"CYBERDEFENDERS.ORG-S-1-5-32-548","PrincipalType":"Group","RightName":"GenericAll","AceType":"","IsInherited":false},{"PrincipalSID":"S-1-5-21-3200536464-3375982059-3076520942-512","PrincipalType":"Group","RightName":"GenericAll","AceType":"","IsInherited":false},{"PrincipalSID":"S-1-5-21-3200536464-3375982059-3076520942-519","PrincipalType":"Group","RightName":"GenericAll","AceType":"","IsInherited":true},{"PrincipalSID":"CYBERDEFENDERS.ORG-S-1-5-32-544","PrincipalType":"Group","RightName":"WriteDacl","AceType":"","IsInherited":true},{"PrincipalSID":"CYBERDEFENDERS.ORG-S-1-5-32-544","PrincipalType":"Group","RightName":"WriteOwner","AceType":"","IsInherited":true},{"PrincipalSID":"CYBERDEFENDERS.ORG-S-1-5-32-544","PrincipalType":"Group","RightName":"GenericWrite","AceType":"","IsInherited":true}]},{"Properties":{"highvalue":false,"name":"ALLOWED RODC PASSWORD REPLICATION GROUP@CYBERDEFENDERS.ORG","domain":"CYBERDEFENDERS.ORG","objectid":"S-1-5-21-3200536464-3375982059-3076520942-571","distinguishedname":"CN=Allowed RODC Password Replication Group,CN=Users,DC=cyberdefenders,DC=org","description":"Members in this group can have their passwords replicated to all read-only domain controllers in the domain","admincount":false},"Members":[],"ObjectIdentifier":"S-1-5-21-3200536464-3375982059-3076520942-571","Aces":[{"PrincipalSID":"S-1-5-21-3200536464-3375982059-3076520942-512","PrincipalType":"Group","RightName":"Owner","AceType":"","IsInherited":false},{"PrincipalSID":"CYBERDEFENDERS.ORG-S-1-5-32-548","PrincipalType":"Group","RightName":"GenericAll","AceType":"","IsInherited":false},{"PrincipalSID":"S-1-5-21-3200536464-3375982059-3076520942-512","PrincipalType":"Group","RightName":"GenericAll","AceType":"","IsInherited":false},{"PrincipalSID":"S-1-5-21-3200536464-3375982059-3076520942-519","PrincipalType":"Group","RightName":"GenericAll","AceType":"","IsInherited":true},{"PrincipalSID":"CYBERDEFENDERS.ORG-S-1-5-32-544","PrincipalType":"Group","RightName":"WriteDacl","AceType":"","IsInherited":true},{"PrincipalSID":"CYBERDEFENDERS.ORG-S-1-5-32-544","PrincipalType":"Group","RightName":"WriteOwner","AceType":"","IsInherited":true},{"PrincipalSID":"CYBERDEFENDERS.ORG-S-1-5-32-544","PrincipalType":"Group","RightName":"GenericWrite","AceType":"","IsInherited":true}]},{"Properties":{"highvalue":false,"name":"DNSADMINS@CYBERDEFENDERS.ORG","domain":"CYBERDEFENDERS.ORG","objectid":"S-1-5-21-3200536464-3375982059-3076520942-1101","distinguishedname":"CN=DnsAdmins,CN=Users,DC=cyberdefenders,DC=org","description":"DNS Administrators Group","admincount":false},"Members":[],"ObjectIdentifier":"S-1-5-21-3200536464-3375982059-3076520942-1101","Aces":[{"PrincipalSID":"CYBERDEFENDERS.ORG-S-1-5-32-548","PrincipalType":"Group","RightName":"GenericAll","AceType":"","IsInherited":false},{"PrincipalSID":"S-1-5-21-3200536464-3375982059-3076520942-512","PrincipalType":"Group","RightName":"GenericAll","AceType":"","IsInherited":false},{"PrincipalSID":"S-1-5-21-3200536464-3375982059-3076520942-519","PrincipalType":"Group","RightName":"GenericAll","AceType":"","IsInherited":true},{"PrincipalSID":"CYBERDEFENDERS.ORG-S-1-5-32-544","PrincipalType":"Group","RightName":"WriteDacl","AceType":"","IsInherited":true},{"PrincipalSID":"CYBERDEFENDERS.ORG-S-1-5-32-544","PrincipalType":"Group","RightName":"WriteOwner","AceType":"","IsInherited":true},{"PrincipalSID":"CYBERDEFENDERS.ORG-S-1-5-32-544","PrincipalType":"Group","RightName":"GenericWrite","AceType":"","IsInherited":true}]},{"Properties":{"highvalue":false,"name":"BUSINESS@CYBERDEFENDERS.ORG","domain":"CYBERDEFENDERS.ORG","objectid":"S-1-5-21-3200536464-3375982059-3076520942-1601","distinguishedname":"CN=Business,CN=Users,DC=cyberdefenders,DC=org","description":null,"admincount":false},"Members":[{"MemberId":"S-1-5-21-3200536464-3375982059-3076520942-1114","MemberType":"User"},{"MemberId":"S-1-5-21-3200536464-3375982059-3076520942-1111","MemberType":"User"},{"MemberId":"S-1-5-21-3200536464-3375982059-3076520942-1109","MemberType":"User"}],"ObjectIdentifier":"S-1-5-21-3200536464-3375982059-3076520942-1601","Aces":[{"PrincipalSID":"S-1-5-21-3200536464-3375982059-3076520942-512","PrincipalType":"Group","RightName":"Owner","AceType":"","IsInherited":false},{"PrincipalSID":"CYBERDEFENDERS.ORG-S-1-5-32-548","PrincipalType":"Group","RightName":"GenericAll","AceType":"","IsInherited":false},{"PrincipalSID":"S-1-5-21-3200536464-3375982059-3076520942-512","PrincipalType":"Group","RightName":"GenericAll","AceType":"","IsInherited":false},{"PrincipalSID":"S-1-5-21-3200536464-3375982059-3076520942-519","PrincipalType":"Group","RightName":"GenericAll","AceType":"","IsInherited":true},{"PrincipalSID":"CYBERDEFENDERS.ORG-S-1-5-32-544","PrincipalType":"Group","RightName":"WriteDacl","AceType":"","IsInherited":true},{"PrincipalSID":"CYBERDEFENDERS.ORG-S-1-5-32-544","PrincipalType":"Group","RightName":"WriteOwner","AceType":"","IsInherited":true},{"PrincipalSID":"CYBERDEFENDERS.ORG-S-1-5-32-544","PrincipalType":"Group","RightName":"GenericWrite","AceType":"","IsInherited":true}]},{"Properties":{"highvalue":false,"name":"PROTECTED USERS@CYBERDEFENDERS.ORG","domain":"CYBERDEFENDERS.ORG","objectid":"S-1-5-21-3200536464-3375982059-3076520942-525","distinguishedname":"CN=Protected Users,CN=Users,DC=cyberdefenders,DC=org","description":"Members of this group are afforded additional protections against authentication security threats. See http://go.microsoft.com/fwlink/?LinkId=298939 for more information.","admincount":false},"Members":[],"ObjectIdentifier":"S-1-5-21-3200536464-3375982059-3076520942-525","Aces":[{"PrincipalSID":"S-1-5-21-3200536464-3375982059-3076520942-512","PrincipalType":"Group","RightName":"Owner","AceType":"","IsInherited":false},{"PrincipalSID":"CYBERDEFENDERS.ORG-S-1-5-32-548","PrincipalType":"Group","RightName":"GenericAll","AceType":"","IsInherited":false},{"PrincipalSID":"S-1-5-21-3200536464-3375982059-3076520942-512","PrincipalType":"Group","RightName":"GenericAll","AceType":"","IsInherited":false},{"PrincipalSID":"S-1-5-21-3200536464-3375982059-3076520942-519","PrincipalType":"Group","RightName":"GenericAll","AceType":"","IsInherited":true},{"PrincipalSID":"CYBERDEFENDERS.ORG-S-1-5-32-544","PrincipalType":"Group","RightName":"WriteDacl","AceType":"","IsInherited":true},{"PrincipalSID":"CYBERDEFENDERS.ORG-S-1-5-32-544","PrincipalType":"Group","RightName":"WriteOwner","AceType":"","IsInherited":true},{"PrincipalSID":"CYBERDEFENDERS.ORG-S-1-5-32-544","PrincipalType":"Group","RightName":"GenericWrite","AceType":"","IsInherited":true}]},{"Properties":{"highvalue":false,"name":"CLONEABLE DOMAIN CONTROLLERS@CYBERDEFENDERS.ORG","domain":"CYBERDEFENDERS.ORG","objectid":"S-1-5-21-3200536464-3375982059-3076520942-522","distinguishedname":"CN=Cloneable Domain Controllers,CN=Users,DC=cyberdefenders,DC=org","description":"Members of this group that are domain controllers may be cloned.","admincount":false},"Members":[],"ObjectIdentifier":"S-1-5-21-3200536464-3375982059-3076520942-522","Aces":[{"PrincipalSID":"S-1-5-21-3200536464-3375982059-3076520942-512","PrincipalType":"Group","RightName":"Owner","AceType":"","IsInherited":false},{"PrincipalSID":"CYBERDEFENDERS.ORG-S-1-5-32-548","PrincipalType":"Group","RightName":"GenericAll","AceType":"","IsInherited":false},{"PrincipalSID":"S-1-5-21-3200536464-3375982059-3076520942-512","PrincipalType":"Group","RightName":"GenericAll","AceType":"","IsInherited":false},{"PrincipalSID":"S-1-5-21-3200536464-3375982059-3076520942-519","PrincipalType":"Group","RightName":"GenericAll","AceType":"","IsInherited":true},{"PrincipalSID":"CYBERDEFENDERS.ORG-S-1-5-32-544","PrincipalType":"Group","RightName":"WriteDacl","AceType":"","IsInherited":true},{"PrincipalSID":"CYBERDEFENDERS.ORG-S-1-5-32-544","PrincipalType":"Group","RightName":"WriteOwner","AceType":"","IsInherited":true},{"PrincipalSID":"CYBERDEFENDERS.ORG-S-1-5-32-544","PrincipalType":"Group","RightName":"GenericWrite","AceType":"","IsInherited":true}]},{"Properties":{"highvalue":false,"name":"KEY ADMINS@CYBERDEFENDERS.ORG","domain":"CYBERDEFENDERS.ORG","objectid":"S-1-5-21-3200536464-3375982059-3076520942-526","distinguishedname":"CN=Key Admins,CN=Users,DC=cyberdefenders,DC=org","description":"Members of this group can perform administrative actions on key objects within the domain.","admincount":false},"Members":[],"ObjectIdentifier":"S-1-5-21-3200536464-3375982059-3076520942-526","Aces":[{"PrincipalSID":"S-1-5-21-3200536464-3375982059-3076520942-512","PrincipalType":"Group","RightName":"Owner","AceType":"","IsInherited":false},{"PrincipalSID":"CYBERDEFENDERS.ORG-S-1-5-32-548","PrincipalType":"Group","RightName":"GenericAll","AceType":"","IsInherited":false},{"PrincipalSID":"S-1-5-21-3200536464-3375982059-3076520942-512","PrincipalType":"Group","RightName":"GenericAll","AceType":"","IsInherited":false},{"PrincipalSID":"S-1-5-21-3200536464-3375982059-3076520942-519","PrincipalType":"Group","RightName":"GenericAll","AceType":"","IsInherited":true},{"PrincipalSID":"CYBERDEFENDERS.ORG-S-1-5-32-544","PrincipalType":"Group","RightName":"WriteDacl","AceType":"","IsInherited":true},{"PrincipalSID":"CYBERDEFENDERS.ORG-S-1-5-32-544","PrincipalType":"Group","RightName":"WriteOwner","AceType":"","IsInherited":true},{"PrincipalSID":"CYBERDEFENDERS.ORG-S-1-5-32-544","PrincipalType":"Group","RightName":"GenericWrite","AceType":"","IsInherited":true}]},{"Properties":{"highvalue":false,"name":"ENTERPRISE READ-ONLY DOMAIN CONTROLLERS@CYBERDEFENDERS.ORG","domain":"CYBERDEFENDERS.ORG","objectid":"S-1-5-21-3200536464-3375982059-3076520942-498","distinguishedname":"CN=Enterprise Read-only Domain Controllers,CN=Users,DC=cyberdefenders,DC=org","description":"Members of this group are Read-Only Domain Controllers in the enterprise","admincount":false},"Members":[],"ObjectIdentifier":"S-1-5-21-3200536464-3375982059-3076520942-498","Aces":[{"PrincipalSID":"S-1-5-21-3200536464-3375982059-3076520942-512","PrincipalType":"Group","RightName":"Owner","AceType":"","IsInherited":false},{"PrincipalSID":"CYBERDEFENDERS.ORG-S-1-5-32-548","PrincipalType":"Group","RightName":"GenericAll","AceType":"","IsInherited":false},{"PrincipalSID":"S-1-5-21-3200536464-3375982059-3076520942-512","PrincipalType":"Group","RightName":"GenericAll","AceType":"","IsInherited":false},{"PrincipalSID":"S-1-5-21-3200536464-3375982059-3076520942-519","PrincipalType":"Group","RightName":"GenericAll","AceType":"","IsInherited":true},{"PrincipalSID":"CYBERDEFENDERS.ORG-S-1-5-32-544","PrincipalType":"Group","RightName":"WriteDacl","AceType":"","IsInherited":true},{"PrincipalSID":"CYBERDEFENDERS.ORG-S-1-5-32-544","PrincipalType":"Group","RightName":"WriteOwner","AceType":"","IsInherited":true},{"PrincipalSID":"CYBERDEFENDERS.ORG-S-1-5-32-544","PrincipalType":"Group","RightName":"GenericWrite","AceType":"","IsInherited":true}]},{"Properties":{"highvalue":false,"name":"HUMAN RESOURCES@CYBERDEFENDERS.ORG","domain":"CYBERDEFENDERS.ORG","objectid":"S-1-5-21-3200536464-3375982059-3076520942-1602","distinguishedname":"CN=Human Resources,CN=Users,DC=cyberdefenders,DC=org","description":null,"admincount":false},"Members":[{"MemberId":"S-1-5-21-3200536464-3375982059-3076520942-1116","MemberType":"User"},{"MemberId":"S-1-5-21-3200536464-3375982059-3076520942-1115","MemberType":"User"},{"MemberId":"S-1-5-21-3200536464-3375982059-3076520942-1112","MemberType":"User"},{"MemberId":"S-1-5-21-3200536464-3375982059-3076520942-1110","MemberType":"User"}],"ObjectIdentifier":"S-1-5-21-3200536464-3375982059-3076520942-1602","Aces":[{"PrincipalSID":"S-1-5-21-3200536464-3375982059-3076520942-512","PrincipalType":"Group","RightName":"Owner","AceType":"","IsInherited":false},{"PrincipalSID":"CYBERDEFENDERS.ORG-S-1-5-32-548","PrincipalType":"Group","RightName":"GenericAll","AceType":"","IsInherited":false},{"PrincipalSID":"S-1-5-21-3200536464-3375982059-3076520942-512","PrincipalType":"Group","RightName":"GenericAll","AceType":"","IsInherited":false},{"PrincipalSID":"S-1-5-21-3200536464-3375982059-3076520942-519","PrincipalType":"Group","RightName":"GenericAll","AceType":"","IsInherited":true},{"PrincipalSID":"CYBERDEFENDERS.ORG-S-1-5-32-544","PrincipalType":"Group","RightName":"WriteDacl","AceType":"","IsInherited":true},{"PrincipalSID":"CYBERDEFENDERS.ORG-S-1-5-32-544","PrincipalType":"Group","RightName":"WriteOwner","AceType":"","IsInherited":true},{"PrincipalSID":"CYBERDEFENDERS.ORG-S-1-5-32-544","PrincipalType":"Group","RightName":"GenericWrite","AceType":"","IsInherited":true}]},{"Properties":{"highvalue":false,"name":"SYSTEM MANAGED ACCOUNTS GROUP@CYBERDEFENDERS.ORG","domain":"CYBERDEFENDERS.ORG","objectid":"S-1-5-32-581","distinguishedname":"CN=System Managed Accounts Group,CN=Builtin,DC=cyberdefenders,DC=org","description":"Members of this group are managed by the system.","admincount":false},"Members":[{"MemberId":"S-1-5-21-3200536464-3375982059-3076520942-503","MemberType":"User"}],"ObjectIdentifier":"S-1-5-32-581","Aces":[{"PrincipalSID":"CYBERDEFENDERS.ORG-S-1-5-32-544","PrincipalType":"Group","RightName":"Owner","AceType":"","IsInherited":false},{"PrincipalSID":"CYBERDEFENDERS.ORG-S-1-5-32-548","PrincipalType":"Group","RightName":"GenericAll","AceType":"","IsInherited":false},{"PrincipalSID":"S-1-5-21-3200536464-3375982059-3076520942-512","PrincipalType":"Group","RightName":"GenericAll","AceType":"","IsInherited":false},{"PrincipalSID":"S-1-5-21-3200536464-3375982059-3076520942-519","PrincipalType":"Group","RightName":"GenericAll","AceType":"","IsInherited":true},{"PrincipalSID":"CYBERDEFENDERS.ORG-S-1-5-32-544","PrincipalType":"Group","RightName":"WriteDacl","AceType":"","IsInherited":true},{"PrincipalSID":"CYBERDEFENDERS.ORG-S-1-5-32-544","PrincipalType":"Group","RightName":"WriteOwner","AceType":"","IsInherited":true},{"PrincipalSID":"CYBERDEFENDERS.ORG-S-1-5-32-544","PrincipalType":"Group","RightName":"GenericWrite","AceType":"","IsInherited":true}]},{"Properties":{"highvalue":false,"name":"DNSUPDATEPROXY@CYBERDEFENDERS.ORG","domain":"CYBERDEFENDERS.ORG","objectid":"S-1-5-21-3200536464-3375982059-3076520942-1102","distinguishedname":"CN=DnsUpdateProxy,CN=Users,DC=cyberdefenders,DC=org","description":"DNS clients who are permitted to perform dynamic updates on behalf of some other clients (such as DHCP servers).","admincount":false},"Members":[],"ObjectIdentifier":"S-1-5-21-3200536464-3375982059-3076520942-1102","Aces":[{"PrincipalSID":"CYBERDEFENDERS.ORG-S-1-5-32-548","PrincipalType":"Group","RightName":"GenericAll","AceType":"","IsInherited":false},{"PrincipalSID":"S-1-5-21-3200536464-3375982059-3076520942-512","PrincipalType":"Group","RightName":"GenericAll","AceType":"","IsInherited":false},{"PrincipalSID":"S-1-5-21-3200536464-3375982059-3076520942-519","PrincipalType":"Group","RightName":"GenericAll","AceType":"","IsInherited":true},{"PrincipalSID":"CYBERDEFENDERS.ORG-S-1-5-32-544","PrincipalType":"Group","RightName":"WriteDacl","AceType":"","IsInherited":true},{"PrincipalSID":"CYBERDEFENDERS.ORG-S-1-5-32-544","PrincipalType":"Group","RightName":"WriteOwner","AceType":"","IsInherited":true},{"PrincipalSID":"CYBERDEFENDERS.ORG-S-1-5-32-544","PrincipalType":"Group","RightName":"GenericWrite","AceType":"","IsInherited":true}]},{"Properties":{"highvalue":false,"name":"ENTERPRISE KEY ADMINS@CYBERDEFENDERS.ORG","domain":"CYBERDEFENDERS.ORG","objectid":"S-1-5-21-3200536464-3375982059-3076520942-527","distinguishedname":"CN=Enterprise Key Admins,CN=Users,DC=cyberdefenders,DC=org","description":"Members of this group can perform administrative actions on key objects within the forest.","admincount":false},"Members":[],"ObjectIdentifier":"S-1-5-21-3200536464-3375982059-3076520942-527","Aces":[{"PrincipalSID":"S-1-5-21-3200536464-3375982059-3076520942-512","PrincipalType":"Group","RightName":"Owner","AceType":"","IsInherited":false},{"PrincipalSID":"CYBERDEFENDERS.ORG-S-1-5-32-548","PrincipalType":"Group","RightName":"GenericAll","AceType":"","IsInherited":false},{"PrincipalSID":"S-1-5-21-3200536464-3375982059-3076520942-512","PrincipalType":"Group","RightName":"GenericAll","AceType":"","IsInherited":false},{"PrincipalSID":"S-1-5-21-3200536464-3375982059-3076520942-519","PrincipalType":"Group","RightName":"GenericAll","AceType":"","IsInherited":true},{"PrincipalSID":"CYBERDEFENDERS.ORG-S-1-5-32-544","PrincipalType":"Group","RightName":"WriteDacl","AceType":"","IsInherited":true},{"PrincipalSID":"CYBERDEFENDERS.ORG-S-1-5-32-544","PrincipalType":"Group","RightName":"WriteOwner","AceType":"","IsInherited":true},{"PrincipalSID":"CYBERDEFENDERS.ORG-S-1-5-32-544","PrincipalType":"Group","RightName":"GenericWrite","AceType":"","IsInherited":true}]},{"Properties":{"highvalue":false,"name":"EXCHANGE WINDOWS PERMISSIONS@CYBERDEFENDERS.ORG","domain":"CYBERDEFENDERS.ORG","objectid":"S-1-5-21-3200536464-3375982059-3076520942-1108","distinguishedname":"CN=EXCHANGE Windows Permissions,CN=Users,DC=cyberdefenders,DC=org","description":null,"admincount":false},"Members":[],"ObjectIdentifier":"S-1-5-21-3200536464-3375982059-3076520942-1108","Aces":[{"PrincipalSID":"S-1-5-21-3200536464-3375982059-3076520942-512","PrincipalType":"Group","RightName":"Owner","AceType":"","IsInherited":false},{"PrincipalSID":"CYBERDEFENDERS.ORG-S-1-5-32-548","PrincipalType":"Group","RightName":"GenericAll","AceType":"","IsInherited":false},{"PrincipalSID":"S-1-5-21-3200536464-3375982059-3076520942-512","PrincipalType":"Group","RightName":"GenericAll","AceType":"","IsInherited":false},{"PrincipalSID":"S-1-5-21-3200536464-3375982059-3076520942-1107","PrincipalType":"Group","RightName":"GenericAll","AceType":"","IsInherited":false},{"PrincipalSID":"S-1-5-21-3200536464-3375982059-3076520942-519","PrincipalType":"Group","RightName":"GenericAll","AceType":"","IsInherited":true},{"PrincipalSID":"CYBERDEFENDERS.ORG-S-1-5-32-544","PrincipalType":"Group","RightName":"WriteDacl","AceType":"","IsInherited":true},{"PrincipalSID":"CYBERDEFENDERS.ORG-S-1-5-32-544","PrincipalType":"Group","RightName":"WriteOwner","AceType":"","IsInherited":true},{"PrincipalSID":"CYBERDEFENDERS.ORG-S-1-5-32-544","PrincipalType":"Group","RightName":"GenericWrite","AceType":"","IsInherited":true}]},{"Properties":{"highvalue":true,"name":"DOMAIN CONTROLLERS@CYBERDEFENDERS.ORG","domain":"CYBERDEFENDERS.ORG","objectid":"S-1-5-21-3200536464-3375982059-3076520942-516","distinguishedname":"CN=Domain Controllers,CN=Users,DC=cyberdefenders,DC=org","description":"All domain controllers in the domain","admincount":true},"Members":[],"ObjectIdentifier":"S-1-5-21-3200536464-3375982059-3076520942-516","Aces":[{"PrincipalSID":"S-1-5-21-3200536464-3375982059-3076520942-512","PrincipalType":"Group","RightName":"Owner","AceType":"","IsInherited":false},{"PrincipalSID":"CYBERDEFENDERS.ORG-S-1-5-32-544","PrincipalType":"Group","RightName":"WriteDacl","AceType":"","IsInherited":false},{"PrincipalSID":"CYBERDEFENDERS.ORG-S-1-5-32-544","PrincipalType":"Group","RightName":"WriteOwner","AceType":"","IsInherited":false},{"PrincipalSID":"CYBERDEFENDERS.ORG-S-1-5-32-544","PrincipalType":"Group","RightName":"GenericWrite","AceType":"","IsInherited":false},{"PrincipalSID":"S-1-5-21-3200536464-3375982059-3076520942-512","PrincipalType":"Group","RightName":"WriteDacl","AceType":"","IsInherited":false},{"PrincipalSID":"S-1-5-21-3200536464-3375982059-3076520942-512","PrincipalType":"Group","RightName":"WriteOwner","AceType":"","IsInherited":false},{"PrincipalSID":"S-1-5-21-3200536464-3375982059-3076520942-512","PrincipalType":"Group","RightName":"GenericWrite","AceType":"","IsInherited":false},{"PrincipalSID":"S-1-5-21-3200536464-3375982059-3076520942-519","PrincipalType":"Group","RightName":"WriteDacl","AceType":"","IsInherited":false},{"PrincipalSID":"S-1-5-21-3200536464-3375982059-3076520942-519","PrincipalType":"Group","RightName":"WriteOwner","AceType":"","IsInherited":false},{"PrincipalSID":"S-1-5-21-3200536464-3375982059-3076520942-519","PrincipalType":"Group","RightName":"GenericWrite","AceType":"","IsInherited":false}]},{"Properties":{"name":"ENTERPRISE DOMAIN CONTROLLERS@CYBERDEFENDERS.ORG","domain":"CYBERDEFENDERS.ORG"},"Members":[{"MemberId":"S-1-5-21-3200536464-3375982059-3076520942-1000","MemberType":"Computer"}],"ObjectIdentifier":"CYBERDEFENDERS.ORG-S-1-5-9","Aces":[]},{"Properties":{"name":"EVERYONE@CYBERDEFENDERS.ORG"},"Members":[{"MemberId":"S-1-5-21-3200536464-3375982059-3076520942-515","MemberType":"Group"},{"MemberId":"S-1-5-21-3200536464-3375982059-3076520942-513","MemberType":"Group"}],"ObjectIdentifier":"CYBERDEFENDERS.ORG-S-1-1-0","Aces":[]},{"Properties":{"name":"AUTHENTICATED USERS@CYBERDEFENDERS.ORG"},"Members":[{"MemberId":"S-1-5-21-3200536464-3375982059-3076520942-515","MemberType":"Group"},{"MemberId":"S-1-5-21-3200536464-3375982059-3076520942-513","MemberType":"Group"}],"ObjectIdentifier":"CYBERDEFENDERS.ORG-S-1-5-11","Aces":[]},{"Properties":{"name":"GUESTS@CYBERDEFENDERS.ORG","domain":"CYBERDEFENDERS.ORG"},"Members":[],"ObjectIdentifier":"CYBERDEFENDERS.ORG-S-1-5-32-546","Aces":[]}],"meta":{"count":59,"type":"groups","version":3}}