﻿{"users":[{"Properties":{"highvalue":false,"name":"ISMAIL.A@CYBERDEFENDERS.ORG","domain":"CYBERDEFENDERS.ORG","objectid":"S-1-5-21-3200536464-3375982059-3076520942-1110","distinguishedname":"CN=Ismail Abdalla,CN=Users,DC=cyberdefenders,DC=org","description":null,"dontreqpreauth":false,"passwordnotreqd":false,"unconstraineddelegation":false,"sensitive":false,"enabled":true,"pwdneverexpires":false,"lastlogon":1637432908,"lastlogontimestamp":1637419238,"pwdlastset":1637432434,"serviceprincipalnames":[],"hasspn":false,"displayname":"Ismail Abdalla","email":null,"title":null,"homedirectory":null,"userpassword":null,"admincount":false,"sidhistory":[]},"AllowedToDelegate":[],"SPNTargets":[],"PrimaryGroupSid":"S-1-5-21-3200536464-3375982059-3076520942-513","HasSIDHistory":[],"ObjectIdentifier":"S-1-5-21-3200536464-3375982059-3076520942-1110","Aces":[{"PrincipalSID":"S-1-5-21-3200536464-3375982059-3076520942-512","PrincipalType":"Group","RightName":"Owner","AceType":"","IsInherited":false},{"PrincipalSID":"CYBERDEFENDERS.ORG-S-1-5-32-548","PrincipalType":"Group","RightName":"GenericAll","AceType":"","IsInherited":false},{"PrincipalSID":"S-1-5-21-3200536464-3375982059-3076520942-512","PrincipalType":"Group","RightName":"GenericAll","AceType":"","IsInherited":false},{"PrincipalSID":"S-1-5-21-3200536464-3375982059-3076520942-519","PrincipalType":"Group","RightName":"GenericAll","AceType":"","IsInherited":true},{"PrincipalSID":"CYBERDEFENDERS.ORG-S-1-5-32-544","PrincipalType":"Group","RightName":"WriteDacl","AceType":"","IsInherited":true},{"PrincipalSID":"CYBERDEFENDERS.ORG-S-1-5-32-544","PrincipalType":"Group","RightName":"WriteOwner","AceType":"","IsInherited":true},{"PrincipalSID":"CYBERDEFENDERS.ORG-S-1-5-32-544","PrincipalType":"Group","RightName":"ExtendedRight","AceType":"All","IsInherited":true},{"PrincipalSID":"CYBERDEFENDERS.ORG-S-1-5-32-544","PrincipalType":"Group","RightName":"GenericWrite","AceType":"","IsInherited":true}]},{"Properties":{"highvalue":false,"name":"NAZIH.I@CYBERDEFENDERS.ORG","domain":"CYBERDEFENDERS.ORG","objectid":"S-1-5-21-3200536464-3375982059-3076520942-1112","distinguishedname":"CN=Nazih Idris,CN=Users,DC=cyberdefenders,DC=org","description":null,"dontreqpreauth":false,"passwordnotreqd":false,"unconstraineddelegation":false,"sensitive":false,"enabled":true,"pwdneverexpires":false,"lastlogon":1637419561,"lastlogontimestamp":1637419561,"pwdlastset":1637431674,"serviceprincipalnames":[],"hasspn":false,"displayname":"Nazih Idris","email":null,"title":null,"homedirectory":null,"userpassword":null,"admincount":false,"sidhistory":[]},"AllowedToDelegate":[],"SPNTargets":[],"PrimaryGroupSid":"S-1-5-21-3200536464-3375982059-3076520942-513","HasSIDHistory":[],"ObjectIdentifier":"S-1-5-21-3200536464-3375982059-3076520942-1112","Aces":[{"PrincipalSID":"S-1-5-21-3200536464-3375982059-3076520942-512","PrincipalType":"Group","RightName":"Owner","AceType":"","IsInherited":false},{"PrincipalSID":"CYBERDEFENDERS.ORG-S-1-5-32-548","PrincipalType":"Group","RightName":"GenericAll","AceType":"","IsInherited":false},{"PrincipalSID":"S-1-5-21-3200536464-3375982059-3076520942-512","PrincipalType":"Group","RightName":"GenericAll","AceType":"","IsInherited":false},{"PrincipalSID":"S-1-5-21-3200536464-3375982059-3076520942-519","PrincipalType":"Group","RightName":"GenericAll","AceType":"","IsInherited":true},{"PrincipalSID":"CYBERDEFENDERS.ORG-S-1-5-32-544","PrincipalType":"Group","RightName":"WriteDacl","AceType":"","IsInherited":true},{"PrincipalSID":"CYBERDEFENDERS.ORG-S-1-5-32-544","PrincipalType":"Group","RightName":"WriteOwner","AceType":"","IsInherited":true},{"PrincipalSID":"CYBERDEFENDERS.ORG-S-1-5-32-544","PrincipalType":"Group","RightName":"ExtendedRight","AceType":"All","IsInherited":true},{"PrincipalSID":"CYBERDEFENDERS.ORG-S-1-5-32-544","PrincipalType":"Group","RightName":"GenericWrite","AceType":"","IsInherited":true}]},{"Properties":{"highvalue":false,"name":"ZARMA.S@CYBERDEFENDERS.ORG","domain":"CYBERDEFENDERS.ORG","objectid":"S-1-5-21-3200536464-3375982059-3076520942-1111","distinguishedname":"CN=Zarma Sayed,CN=Users,DC=cyberdefenders,DC=org","description":null,"dontreqpreauth":false,"passwordnotreqd":false,"unconstraineddelegation":false,"sensitive":false,"enabled":true,"pwdneverexpires":false,"lastlogon":1637419310,"lastlogontimestamp":1637419310,"pwdlastset":1637431778,"serviceprincipalnames":[],"hasspn":false,"displayname":"Zarma Sayed","email":null,"title":null,"homedirectory":null,"userpassword":null,"admincount":false,"sidhistory":[]},"AllowedToDelegate":[],"SPNTargets":[],"PrimaryGroupSid":"S-1-5-21-3200536464-3375982059-3076520942-513","HasSIDHistory":[],"ObjectIdentifier":"S-1-5-21-3200536464-3375982059-3076520942-1111","Aces":[{"PrincipalSID":"S-1-5-21-3200536464-3375982059-3076520942-512","PrincipalType":"Group","RightName":"Owner","AceType":"","IsInherited":false},{"PrincipalSID":"CYBERDEFENDERS.ORG-S-1-5-32-548","PrincipalType":"Group","RightName":"GenericAll","AceType":"","IsInherited":false},{"PrincipalSID":"S-1-5-21-3200536464-3375982059-3076520942-512","PrincipalType":"Group","RightName":"GenericAll","AceType":"","IsInherited":false},{"PrincipalSID":"S-1-5-21-3200536464-3375982059-3076520942-519","PrincipalType":"Group","RightName":"GenericAll","AceType":"","IsInherited":true},{"PrincipalSID":"CYBERDEFENDERS.ORG-S-1-5-32-544","PrincipalType":"Group","RightName":"WriteDacl","AceType":"","IsInherited":true},{"PrincipalSID":"CYBERDEFENDERS.ORG-S-1-5-32-544","PrincipalType":"Group","RightName":"WriteOwner","AceType":"","IsInherited":true},{"PrincipalSID":"CYBERDEFENDERS.ORG-S-1-5-32-544","PrincipalType":"Group","RightName":"ExtendedRight","AceType":"All","IsInherited":true},{"PrincipalSID":"CYBERDEFENDERS.ORG-S-1-5-32-544","PrincipalType":"Group","RightName":"GenericWrite","AceType":"","IsInherited":true}]},{"Properties":{"highvalue":false,"name":"LABIB@CYBERDEFENDERS.ORG","domain":"CYBERDEFENDERS.ORG","objectid":"S-1-5-21-3200536464-3375982059-3076520942-1104","distinguishedname":"CN=Mohammed Labib,CN=Users,DC=cyberdefenders,DC=org","description":null,"dontreqpreauth":false,"passwordnotreqd":false,"unconstraineddelegation":false,"sensitive":false,"enabled":true,"pwdneverexpires":true,"lastlogon":1637604973,"lastlogontimestamp":1637345672,"pwdlastset":1637486418,"serviceprincipalnames":[],"hasspn":false,"displayname":"Mohammed Labib","email":null,"title":null,"homedirectory":null,"userpassword":null,"admincount":false,"sidhistory":[]},"AllowedToDelegate":[],"SPNTargets":[],"PrimaryGroupSid":"S-1-5-21-3200536464-3375982059-3076520942-513","HasSIDHistory":[],"ObjectIdentifier":"S-1-5-21-3200536464-3375982059-3076520942-1104","Aces":[{"PrincipalSID":"S-1-5-21-3200536464-3375982059-3076520942-512","PrincipalType":"Group","RightName":"Owner","AceType":"","IsInherited":false},{"PrincipalSID":"CYBERDEFENDERS.ORG-S-1-5-32-548","PrincipalType":"Group","RightName":"GenericAll","AceType":"","IsInherited":false},{"PrincipalSID":"S-1-5-21-3200536464-3375982059-3076520942-512","PrincipalType":"Group","RightName":"GenericAll","AceType":"","IsInherited":false},{"PrincipalSID":"S-1-5-21-3200536464-3375982059-3076520942-519","PrincipalType":"Group","RightName":"GenericAll","AceType":"","IsInherited":true},{"PrincipalSID":"CYBERDEFENDERS.ORG-S-1-5-32-544","PrincipalType":"Group","RightName":"WriteDacl","AceType":"","IsInherited":true},{"PrincipalSID":"CYBERDEFENDERS.ORG-S-1-5-32-544","PrincipalType":"Group","RightName":"WriteOwner","AceType":"","IsInherited":true},{"PrincipalSID":"CYBERDEFENDERS.ORG-S-1-5-32-544","PrincipalType":"Group","RightName":"ExtendedRight","AceType":"All","IsInherited":true},{"PrincipalSID":"CYBERDEFENDERS.ORG-S-1-5-32-544","PrincipalType":"Group","RightName":"GenericWrite","AceType":"","IsInherited":true}]},{"Properties":{"highvalue":false,"name":"JINAN.S@CYBERDEFENDERS.ORG","domain":"CYBERDEFENDERS.ORG","objectid":"S-1-5-21-3200536464-3375982059-3076520942-1113","distinguishedname":"CN=Jinan Samra,CN=Users,DC=cyberdefenders,DC=org","description":null,"dontreqpreauth":false,"passwordnotreqd":false,"unconstraineddelegation":false,"sensitive":false,"enabled":true,"pwdneverexpires":false,"lastlogon":1637443823,"lastlogontimestamp":1637419649,"pwdlastset":1637431638,"serviceprincipalnames":[],"hasspn":false,"displayname":"Jinan Samra","email":null,"title":null,"homedirectory":null,"userpassword":null,"admincount":false,"sidhistory":[]},"AllowedToDelegate":[],"SPNTargets":[],"PrimaryGroupSid":"S-1-5-21-3200536464-3375982059-3076520942-513","HasSIDHistory":[],"ObjectIdentifier":"S-1-5-21-3200536464-3375982059-3076520942-1113","Aces":[{"PrincipalSID":"S-1-5-21-3200536464-3375982059-3076520942-512","PrincipalType":"Group","RightName":"Owner","AceType":"","IsInherited":false},{"PrincipalSID":"CYBERDEFENDERS.ORG-S-1-5-32-548","PrincipalType":"Group","RightName":"GenericAll","AceType":"","IsInherited":false},{"PrincipalSID":"S-1-5-21-3200536464-3375982059-3076520942-512","PrincipalType":"Group","RightName":"GenericAll","AceType":"","IsInherited":false},{"PrincipalSID":"S-1-5-21-3200536464-3375982059-3076520942-519","PrincipalType":"Group","RightName":"GenericAll","AceType":"","IsInherited":true},{"PrincipalSID":"CYBERDEFENDERS.ORG-S-1-5-32-544","PrincipalType":"Group","RightName":"WriteDacl","AceType":"","IsInherited":true},{"PrincipalSID":"CYBERDEFENDERS.ORG-S-1-5-32-544","PrincipalType":"Group","RightName":"WriteOwner","AceType":"","IsInherited":true},{"PrincipalSID":"CYBERDEFENDERS.ORG-S-1-5-32-544","PrincipalType":"Group","RightName":"ExtendedRight","AceType":"All","IsInherited":true},{"PrincipalSID":"CYBERDEFENDERS.ORG-S-1-5-32-544","PrincipalType":"Group","RightName":"GenericWrite","AceType":"","IsInherited":true}]},{"Properties":{"highvalue":false,"name":"DEFAULTACCOUNT@CYBERDEFENDERS.ORG","domain":"CYBERDEFENDERS.ORG","objectid":"S-1-5-21-3200536464-3375982059-3076520942-503","distinguishedname":"CN=DefaultAccount,CN=Users,DC=cyberdefenders,DC=org","description":"A user account managed by the system.","dontreqpreauth":false,"passwordnotreqd":true,"unconstraineddelegation":false,"sensitive":false,"enabled":false,"pwdneverexpires":true,"lastlogon":-1,"lastlogontimestamp":-1,"pwdlastset":-1,"serviceprincipalnames":[],"hasspn":false,"displayname":null,"email":null,"title":null,"homedirectory":null,"userpassword":null,"admincount":false,"sidhistory":[]},"AllowedToDelegate":[],"SPNTargets":[],"PrimaryGroupSid":"S-1-5-21-3200536464-3375982059-3076520942-513","HasSIDHistory":[],"ObjectIdentifier":"S-1-5-21-3200536464-3375982059-3076520942-503","Aces":[{"PrincipalSID":"CYBERDEFENDERS.ORG-S-1-5-32-544","PrincipalType":"Group","RightName":"Owner","AceType":"","IsInherited":false},{"PrincipalSID":"CYBERDEFENDERS.ORG-S-1-5-32-548","PrincipalType":"Group","RightName":"GenericAll","AceType":"","IsInherited":false},{"PrincipalSID":"S-1-5-21-3200536464-3375982059-3076520942-512","PrincipalType":"Group","RightName":"GenericAll","AceType":"","IsInherited":false},{"PrincipalSID":"S-1-5-21-3200536464-3375982059-3076520942-519","PrincipalType":"Group","RightName":"GenericAll","AceType":"","IsInherited":true},{"PrincipalSID":"CYBERDEFENDERS.ORG-S-1-5-32-544","PrincipalType":"Group","RightName":"WriteDacl","AceType":"","IsInherited":true},{"PrincipalSID":"CYBERDEFENDERS.ORG-S-1-5-32-544","PrincipalType":"Group","RightName":"WriteOwner","AceType":"","IsInherited":true},{"PrincipalSID":"CYBERDEFENDERS.ORG-S-1-5-32-544","PrincipalType":"Group","RightName":"ExtendedRight","AceType":"All","IsInherited":true},{"PrincipalSID":"CYBERDEFENDERS.ORG-S-1-5-32-544","PrincipalType":"Group","RightName":"GenericWrite","AceType":"","IsInherited":true}]},{"Properties":{"highvalue":false,"name":"HATIMA.B@CYBERDEFENDERS.ORG","domain":"CYBERDEFENDERS.ORG","objectid":"S-1-5-21-3200536464-3375982059-3076520942-1115","distinguishedname":"CN=Hatima Bagheri,CN=Users,DC=cyberdefenders,DC=org","description":null,"dontreqpreauth":false,"passwordnotreqd":false,"unconstraineddelegation":false,"sensitive":false,"enabled":true,"pwdneverexpires":false,"lastlogon":1637604961,"lastlogontimestamp":1637419925,"pwdlastset":1637431535,"serviceprincipalnames":[],"hasspn":false,"displayname":"Hatima Bagheri","email":null,"title":null,"homedirectory":null,"userpassword":null,"admincount":false,"sidhistory":[]},"AllowedToDelegate":[],"SPNTargets":[],"PrimaryGroupSid":"S-1-5-21-3200536464-3375982059-3076520942-513","HasSIDHistory":[],"ObjectIdentifier":"S-1-5-21-3200536464-3375982059-3076520942-1115","Aces":[{"PrincipalSID":"S-1-5-21-3200536464-3375982059-3076520942-512","PrincipalType":"Group","RightName":"Owner","AceType":"","IsInherited":false},{"PrincipalSID":"CYBERDEFENDERS.ORG-S-1-5-32-548","PrincipalType":"Group","RightName":"GenericAll","AceType":"","IsInherited":false},{"PrincipalSID":"S-1-5-21-3200536464-3375982059-3076520942-512","PrincipalType":"Group","RightName":"GenericAll","AceType":"","IsInherited":false},{"PrincipalSID":"S-1-5-21-3200536464-3375982059-3076520942-519","PrincipalType":"Group","RightName":"GenericAll","AceType":"","IsInherited":true},{"PrincipalSID":"CYBERDEFENDERS.ORG-S-1-5-32-544","PrincipalType":"Group","RightName":"WriteDacl","AceType":"","IsInherited":true},{"PrincipalSID":"CYBERDEFENDERS.ORG-S-1-5-32-544","PrincipalType":"Group","RightName":"WriteOwner","AceType":"","IsInherited":true},{"PrincipalSID":"CYBERDEFENDERS.ORG-S-1-5-32-544","PrincipalType":"Group","RightName":"ExtendedRight","AceType":"All","IsInherited":true},{"PrincipalSID":"CYBERDEFENDERS.ORG-S-1-5-32-544","PrincipalType":"Group","RightName":"GenericWrite","AceType":"","IsInherited":true}]},{"Properties":{"highvalue":false,"name":"KRBTGT@CYBERDEFENDERS.ORG","domain":"CYBERDEFENDERS.ORG","objectid":"S-1-5-21-3200536464-3375982059-3076520942-502","distinguishedname":"CN=krbtgt,CN=Users,DC=cyberdefenders,DC=org","description":"Key Distribution Center Service Account","dontreqpreauth":false,"passwordnotreqd":false,"unconstraineddelegation":false,"sensitive":false,"enabled":false,"pwdneverexpires":false,"lastlogon":-1,"lastlogontimestamp":-1,"pwdlastset":1637342068,"serviceprincipalnames":["kadmin/changepw"],"hasspn":true,"displayname":null,"email":null,"title":null,"homedirectory":null,"userpassword":null,"admincount":true,"sidhistory":[]},"AllowedToDelegate":[],"SPNTargets":[],"PrimaryGroupSid":"S-1-5-21-3200536464-3375982059-3076520942-513","HasSIDHistory":[],"ObjectIdentifier":"S-1-5-21-3200536464-3375982059-3076520942-502","Aces":[{"PrincipalSID":"S-1-5-21-3200536464-3375982059-3076520942-512","PrincipalType":"Group","RightName":"Owner","AceType":"","IsInherited":false},{"PrincipalSID":"CYBERDEFENDERS.ORG-S-1-5-32-544","PrincipalType":"Group","RightName":"WriteDacl","AceType":"","IsInherited":false},{"PrincipalSID":"CYBERDEFENDERS.ORG-S-1-5-32-544","PrincipalType":"Group","RightName":"WriteOwner","AceType":"","IsInherited":false},{"PrincipalSID":"CYBERDEFENDERS.ORG-S-1-5-32-544","PrincipalType":"Group","RightName":"ExtendedRight","AceType":"All","IsInherited":false},{"PrincipalSID":"CYBERDEFENDERS.ORG-S-1-5-32-544","PrincipalType":"Group","RightName":"GenericWrite","AceType":"","IsInherited":false},{"PrincipalSID":"S-1-5-21-3200536464-3375982059-3076520942-512","PrincipalType":"Group","RightName":"WriteDacl","AceType":"","IsInherited":false},{"PrincipalSID":"S-1-5-21-3200536464-3375982059-3076520942-512","PrincipalType":"Group","RightName":"WriteOwner","AceType":"","IsInherited":false},{"PrincipalSID":"S-1-5-21-3200536464-3375982059-3076520942-512","PrincipalType":"Group","RightName":"ExtendedRight","AceType":"All","IsInherited":false},{"PrincipalSID":"S-1-5-21-3200536464-3375982059-3076520942-512","PrincipalType":"Group","RightName":"GenericWrite","AceType":"","IsInherited":false},{"PrincipalSID":"S-1-5-21-3200536464-3375982059-3076520942-519","PrincipalType":"Group","RightName":"WriteDacl","AceType":"","IsInherited":false},{"PrincipalSID":"S-1-5-21-3200536464-3375982059-3076520942-519","PrincipalType":"Group","RightName":"WriteOwner","AceType":"","IsInherited":false},{"PrincipalSID":"S-1-5-21-3200536464-3375982059-3076520942-519","PrincipalType":"Group","RightName":"ExtendedRight","AceType":"All","IsInherited":false},{"PrincipalSID":"S-1-5-21-3200536464-3375982059-3076520942-519","PrincipalType":"Group","RightName":"GenericWrite","AceType":"","IsInherited":false}]},{"Properties":{"highvalue":false,"name":"NAZMIN.N@CYBERDEFENDERS.ORG","domain":"CYBERDEFENDERS.ORG","objectid":"S-1-5-21-3200536464-3375982059-3076520942-1116","distinguishedname":"CN=Nazmin Nagi,CN=Users,DC=cyberdefenders,DC=org","description":null,"dontreqpreauth":false,"passwordnotreqd":false,"unconstraineddelegation":false,"sensitive":false,"enabled":true,"pwdneverexpires":false,"lastlogon":1637419989,"lastlogontimestamp":1637419989,"pwdlastset":1637431702,"serviceprincipalnames":[],"hasspn":false,"displayname":"Nazmin Nagi","email":null,"title":null,"homedirectory":null,"userpassword":null,"admincount":false,"sidhistory":[]},"AllowedToDelegate":[],"SPNTargets":[],"PrimaryGroupSid":"S-1-5-21-3200536464-3375982059-3076520942-513","HasSIDHistory":[],"ObjectIdentifier":"S-1-5-21-3200536464-3375982059-3076520942-1116","Aces":[{"PrincipalSID":"S-1-5-21-3200536464-3375982059-3076520942-512","PrincipalType":"Group","RightName":"Owner","AceType":"","IsInherited":false},{"PrincipalSID":"CYBERDEFENDERS.ORG-S-1-5-32-548","PrincipalType":"Group","RightName":"GenericAll","AceType":"","IsInherited":false},{"PrincipalSID":"S-1-5-21-3200536464-3375982059-3076520942-512","PrincipalType":"Group","RightName":"GenericAll","AceType":"","IsInherited":false},{"PrincipalSID":"S-1-5-21-3200536464-3375982059-3076520942-519","PrincipalType":"Group","RightName":"GenericAll","AceType":"","IsInherited":true},{"PrincipalSID":"CYBERDEFENDERS.ORG-S-1-5-32-544","PrincipalType":"Group","RightName":"WriteDacl","AceType":"","IsInherited":true},{"PrincipalSID":"CYBERDEFENDERS.ORG-S-1-5-32-544","PrincipalType":"Group","RightName":"WriteOwner","AceType":"","IsInherited":true},{"PrincipalSID":"CYBERDEFENDERS.ORG-S-1-5-32-544","PrincipalType":"Group","RightName":"ExtendedRight","AceType":"All","IsInherited":true},{"PrincipalSID":"CYBERDEFENDERS.ORG-S-1-5-32-544","PrincipalType":"Group","RightName":"GenericWrite","AceType":"","IsInherited":true}]},{"Properties":{"highvalue":false,"name":"THABIT.M@CYBERDEFENDERS.ORG","domain":"CYBERDEFENDERS.ORG","objectid":"S-1-5-21-3200536464-3375982059-3076520942-1114","distinguishedname":"CN=Thabit Majeed,CN=Users,DC=cyberdefenders,DC=org","description":null,"dontreqpreauth":false,"passwordnotreqd":false,"unconstraineddelegation":false,"sensitive":false,"enabled":true,"pwdneverexpires":false,"lastlogon":1637419840,"lastlogontimestamp":1637419840,"pwdlastset":1637431759,"serviceprincipalnames":[],"hasspn":false,"displayname":"Thabit Majeed","email":null,"title":null,"homedirectory":null,"userpassword":null,"admincount":false,"sidhistory":[]},"AllowedToDelegate":[],"SPNTargets":[],"PrimaryGroupSid":"S-1-5-21-3200536464-3375982059-3076520942-513","HasSIDHistory":[],"ObjectIdentifier":"S-1-5-21-3200536464-3375982059-3076520942-1114","Aces":[{"PrincipalSID":"S-1-5-21-3200536464-3375982059-3076520942-512","PrincipalType":"Group","RightName":"Owner","AceType":"","IsInherited":false},{"PrincipalSID":"CYBERDEFENDERS.ORG-S-1-5-32-548","PrincipalType":"Group","RightName":"GenericAll","AceType":"","IsInherited":false},{"PrincipalSID":"S-1-5-21-3200536464-3375982059-3076520942-512","PrincipalType":"Group","RightName":"GenericAll","AceType":"","IsInherited":false},{"PrincipalSID":"S-1-5-21-3200536464-3375982059-3076520942-519","PrincipalType":"Group","RightName":"GenericAll","AceType":"","IsInherited":true},{"PrincipalSID":"CYBERDEFENDERS.ORG-S-1-5-32-544","PrincipalType":"Group","RightName":"WriteDacl","AceType":"","IsInherited":true},{"PrincipalSID":"CYBERDEFENDERS.ORG-S-1-5-32-544","PrincipalType":"Group","RightName":"WriteOwner","AceType":"","IsInherited":true},{"PrincipalSID":"CYBERDEFENDERS.ORG-S-1-5-32-544","PrincipalType":"Group","RightName":"ExtendedRight","AceType":"All","IsInherited":true},{"PrincipalSID":"CYBERDEFENDERS.ORG-S-1-5-32-544","PrincipalType":"Group","RightName":"GenericWrite","AceType":"","IsInherited":true}]},{"Properties":{"highvalue":false,"name":"GUEST@CYBERDEFENDERS.ORG","domain":"CYBERDEFENDERS.ORG","objectid":"S-1-5-21-3200536464-3375982059-3076520942-501","distinguishedname":"CN=Guest,CN=Users,DC=cyberdefenders,DC=org","description":"Built-in account for guest access to the computer/domain","dontreqpreauth":false,"passwordnotreqd":true,"unconstraineddelegation":false,"sensitive":false,"enabled":false,"pwdneverexpires":true,"lastlogon":-1,"lastlogontimestamp":-1,"pwdlastset":-1,"serviceprincipalnames":[],"hasspn":false,"displayname":null,"email":null,"title":null,"homedirectory":null,"userpassword":null,"admincount":false,"sidhistory":[]},"AllowedToDelegate":[],"SPNTargets":[],"PrimaryGroupSid":"S-1-5-21-3200536464-3375982059-3076520942-514","HasSIDHistory":[],"ObjectIdentifier":"S-1-5-21-3200536464-3375982059-3076520942-501","Aces":[{"PrincipalSID":"CYBERDEFENDERS.ORG-S-1-5-32-544","PrincipalType":"Group","RightName":"Owner","AceType":"","IsInherited":false},{"PrincipalSID":"CYBERDEFENDERS.ORG-S-1-5-32-548","PrincipalType":"Group","RightName":"GenericAll","AceType":"","IsInherited":false},{"PrincipalSID":"S-1-5-21-3200536464-3375982059-3076520942-512","PrincipalType":"Group","RightName":"GenericAll","AceType":"","IsInherited":false},{"PrincipalSID":"S-1-5-21-3200536464-3375982059-3076520942-519","PrincipalType":"Group","RightName":"GenericAll","AceType":"","IsInherited":true},{"PrincipalSID":"CYBERDEFENDERS.ORG-S-1-5-32-544","PrincipalType":"Group","RightName":"WriteDacl","AceType":"","IsInherited":true},{"PrincipalSID":"CYBERDEFENDERS.ORG-S-1-5-32-544","PrincipalType":"Group","RightName":"WriteOwner","AceType":"","IsInherited":true},{"PrincipalSID":"CYBERDEFENDERS.ORG-S-1-5-32-544","PrincipalType":"Group","RightName":"ExtendedRight","AceType":"All","IsInherited":true},{"PrincipalSID":"CYBERDEFENDERS.ORG-S-1-5-32-544","PrincipalType":"Group","RightName":"GenericWrite","AceType":"","IsInherited":true}]},{"Properties":{"highvalue":false,"name":"RAHA.M@CYBERDEFENDERS.ORG","domain":"CYBERDEFENDERS.ORG","objectid":"S-1-5-21-3200536464-3375982059-3076520942-1109","distinguishedname":"CN=Raha Moussa,CN=Users,DC=cyberdefenders,DC=org","description":null,"dontreqpreauth":false,"passwordnotreqd":false,"unconstraineddelegation":false,"sensitive":false,"enabled":true,"pwdneverexpires":false,"lastlogon":1637419127,"lastlogontimestamp":1637419127,"pwdlastset":1637431726,"serviceprincipalnames":[],"hasspn":false,"displayname":"Raha Moussa","email":null,"title":null,"homedirectory":null,"userpassword":null,"admincount":false,"sidhistory":[]},"AllowedToDelegate":[],"SPNTargets":[],"PrimaryGroupSid":"S-1-5-21-3200536464-3375982059-3076520942-513","HasSIDHistory":[],"ObjectIdentifier":"S-1-5-21-3200536464-3375982059-3076520942-1109","Aces":[{"PrincipalSID":"S-1-5-21-3200536464-3375982059-3076520942-512","PrincipalType":"Group","RightName":"Owner","AceType":"","IsInherited":false},{"PrincipalSID":"CYBERDEFENDERS.ORG-S-1-5-32-548","PrincipalType":"Group","RightName":"GenericAll","AceType":"","IsInherited":false},{"PrincipalSID":"S-1-5-21-3200536464-3375982059-3076520942-512","PrincipalType":"Group","RightName":"GenericAll","AceType":"","IsInherited":false},{"PrincipalSID":"S-1-5-21-3200536464-3375982059-3076520942-519","PrincipalType":"Group","RightName":"GenericAll","AceType":"","IsInherited":true},{"PrincipalSID":"CYBERDEFENDERS.ORG-S-1-5-32-544","PrincipalType":"Group","RightName":"WriteDacl","AceType":"","IsInherited":true},{"PrincipalSID":"CYBERDEFENDERS.ORG-S-1-5-32-544","PrincipalType":"Group","RightName":"WriteOwner","AceType":"","IsInherited":true},{"PrincipalSID":"CYBERDEFENDERS.ORG-S-1-5-32-544","PrincipalType":"Group","RightName":"ExtendedRight","AceType":"All","IsInherited":true},{"PrincipalSID":"CYBERDEFENDERS.ORG-S-1-5-32-544","PrincipalType":"Group","RightName":"GenericWrite","AceType":"","IsInherited":true}]},{"Properties":{"highvalue":false,"name":"0XMOHAMMED@CYBERDEFENDERS.ORG","domain":"CYBERDEFENDERS.ORG","objectid":"S-1-5-21-3200536464-3375982059-3076520942-500","distinguishedname":"CN=Mohammed Hasan,CN=Users,DC=cyberdefenders,DC=org","description":"Built-in account for administering the computer/domain","dontreqpreauth":false,"passwordnotreqd":false,"unconstraineddelegation":false,"sensitive":false,"enabled":true,"pwdneverexpires":true,"lastlogon":1637604972,"lastlogontimestamp":1637342671,"pwdlastset":1637330845,"serviceprincipalnames":[],"hasspn":false,"displayname":"Mohammed Hasan","email":null,"title":null,"homedirectory":null,"userpassword":null,"admincount":true,"sidhistory":[]},"AllowedToDelegate":[],"SPNTargets":[],"PrimaryGroupSid":"S-1-5-21-3200536464-3375982059-3076520942-513","HasSIDHistory":[],"ObjectIdentifier":"S-1-5-21-3200536464-3375982059-3076520942-500","Aces":[{"PrincipalSID":"S-1-5-21-3200536464-3375982059-3076520942-512","PrincipalType":"Group","RightName":"Owner","AceType":"","IsInherited":false},{"PrincipalSID":"CYBERDEFENDERS.ORG-S-1-5-32-544","PrincipalType":"Group","RightName":"WriteDacl","AceType":"","IsInherited":false},{"PrincipalSID":"CYBERDEFENDERS.ORG-S-1-5-32-544","PrincipalType":"Group","RightName":"WriteOwner","AceType":"","IsInherited":false},{"PrincipalSID":"CYBERDEFENDERS.ORG-S-1-5-32-544","PrincipalType":"Group","RightName":"ExtendedRight","AceType":"All","IsInherited":false},{"PrincipalSID":"CYBERDEFENDERS.ORG-S-1-5-32-544","PrincipalType":"Group","RightName":"GenericWrite","AceType":"","IsInherited":false},{"PrincipalSID":"S-1-5-21-3200536464-3375982059-3076520942-512","PrincipalType":"Group","RightName":"WriteDacl","AceType":"","IsInherited":false},{"PrincipalSID":"S-1-5-21-3200536464-3375982059-3076520942-512","PrincipalType":"Group","RightName":"WriteOwner","AceType":"","IsInherited":false},{"PrincipalSID":"S-1-5-21-3200536464-3375982059-3076520942-512","PrincipalType":"Group","RightName":"ExtendedRight","AceType":"All","IsInherited":false},{"PrincipalSID":"S-1-5-21-3200536464-3375982059-3076520942-512","PrincipalType":"Group","RightName":"GenericWrite","AceType":"","IsInherited":false},{"PrincipalSID":"S-1-5-21-3200536464-3375982059-3076520942-519","PrincipalType":"Group","RightName":"WriteDacl","AceType":"","IsInherited":false},{"PrincipalSID":"S-1-5-21-3200536464-3375982059-3076520942-519","PrincipalType":"Group","RightName":"WriteOwner","AceType":"","IsInherited":false},{"PrincipalSID":"S-1-5-21-3200536464-3375982059-3076520942-519","PrincipalType":"Group","RightName":"ExtendedRight","AceType":"All","IsInherited":false},{"PrincipalSID":"S-1-5-21-3200536464-3375982059-3076520942-519","PrincipalType":"Group","RightName":"GenericWrite","AceType":"","IsInherited":false}]}],"meta":{"count":13,"type":"users","version":3}}