﻿{"domains":[{"Properties":{"highvalue":true,"name":"CYBERDEFENDERS.ORG","domain":"CYBERDEFENDERS.ORG","objectid":"S-1-5-21-3200536464-3375982059-3076520942","distinguishedname":"DC=cyberdefenders,DC=org","description":null,"functionallevel":"2012"},"Users":["S-1-5-21-3200536464-3375982059-3076520942-500","S-1-5-21-3200536464-3375982059-3076520942-501","S-1-5-21-3200536464-3375982059-3076520942-503","S-1-5-21-3200536464-3375982059-3076520942-502","S-1-5-21-3200536464-3375982059-3076520942-1104","S-1-5-21-3200536464-3375982059-3076520942-1109","S-1-5-21-3200536464-3375982059-3076520942-1110","S-1-5-21-3200536464-3375982059-3076520942-1111","S-1-5-21-3200536464-3375982059-3076520942-1112","S-1-5-21-3200536464-3375982059-3076520942-1113","S-1-5-21-3200536464-3375982059-3076520942-1114","S-1-5-21-3200536464-3375982059-3076520942-1115","S-1-5-21-3200536464-3375982059-3076520942-1116"],"Computers":["S-1-5-21-3200536464-3375982059-3076520942-1103"],"ChildOus":["D763D837-C49D-4D2E-8439-A2E29732DFF6"],"Trusts":[],"Links":[{"IsEnforced":false,"Guid":"C0DD6C68-2BF8-4389-BB24-49DA6BC57B08"}],"RemoteDesktopUsers":[],"LocalAdmins":[],"DcomUsers":[],"PSRemoteUsers":[],"ObjectIdentifier":"S-1-5-21-3200536464-3375982059-3076520942","Aces":[{"PrincipalSID":"CYBERDEFENDERS.ORG-S-1-5-32-544","PrincipalType":"Group","RightName":"Owner","AceType":"","IsInherited":false},{"PrincipalSID":"CYBERDEFENDERS.ORG-S-1-5-32-544","PrincipalType":"Group","RightName":"WriteDacl","AceType":"","IsInherited":false},{"PrincipalSID":"CYBERDEFENDERS.ORG-S-1-5-32-544","PrincipalType":"Group","RightName":"WriteOwner","AceType":"","IsInherited":false},{"PrincipalSID":"CYBERDEFENDERS.ORG-S-1-5-32-544","PrincipalType":"Group","RightName":"ExtendedRight","AceType":"All","IsInherited":false},{"PrincipalSID":"S-1-5-21-3200536464-3375982059-3076520942-512","PrincipalType":"Group","RightName":"WriteDacl","AceType":"","IsInherited":false},{"PrincipalSID":"S-1-5-21-3200536464-3375982059-3076520942-512","PrincipalType":"Group","RightName":"WriteOwner","AceType":"","IsInherited":false},{"PrincipalSID":"S-1-5-21-3200536464-3375982059-3076520942-512","PrincipalType":"Group","RightName":"ExtendedRight","AceType":"All","IsInherited":false},{"PrincipalSID":"S-1-5-21-3200536464-3375982059-3076520942-519","PrincipalType":"Group","RightName":"GenericAll","AceType":"","IsInherited":false},{"PrincipalSID":"CYBERDEFENDERS.ORG-S-1-5-9","PrincipalType":"Group","RightName":"ExtendedRight","AceType":"GetChanges","IsInherited":false},{"PrincipalSID":"CYBERDEFENDERS.ORG-S-1-5-32-544","PrincipalType":"Group","RightName":"ExtendedRight","AceType":"GetChangesAll","IsInherited":false},{"PrincipalSID":"CYBERDEFENDERS.ORG-S-1-5-32-544","PrincipalType":"Group","RightName":"ExtendedRight","AceType":"GetChanges","IsInherited":false},{"PrincipalSID":"S-1-5-21-3200536464-3375982059-3076520942-498","PrincipalType":"Group","RightName":"ExtendedRight","AceType":"GetChanges","IsInherited":false},{"PrincipalSID":"S-1-5-21-3200536464-3375982059-3076520942-516","PrincipalType":"Group","RightName":"ExtendedRight","AceType":"GetChangesAll","IsInherited":false}]}],"meta":{"count":1,"type":"domains","version":3}}