﻿{"ous":[{"Properties":{"highvalue":false,"name":"DOMAIN CONTROLLERS@CYBERDEFENDERS.ORG","domain":"CYBERDEFENDERS.ORG","objectid":"D763D837-C49D-4D2E-8439-A2E29732DFF6","distinguishedname":"OU=Domain Controllers,DC=cyberdefenders,DC=org","description":"Default container for domain controllers","blocksinheritance":false},"Links":[{"IsEnforced":false,"Guid":"8557DF5C-AFBD-4DA5-9221-F4373600A83F"}],"ACLProtected":false,"Users":[],"Computers":["S-1-5-21-3200536464-3375982059-3076520942-1000"],"ChildOus":[],"RemoteDesktopUsers":[],"LocalAdmins":[],"DcomUsers":[],"PSRemoteUsers":[],"ObjectIdentifier":"D763D837-C49D-4D2E-8439-A2E29732DFF6","Aces":[{"PrincipalSID":"S-1-5-21-3200536464-3375982059-3076520942-512","PrincipalType":"Group","RightName":"Owner","AceType":"","IsInherited":false},{"PrincipalSID":"S-1-5-21-3200536464-3375982059-3076520942-512","PrincipalType":"Group","RightName":"WriteDacl","AceType":"","IsInherited":false},{"PrincipalSID":"S-1-5-21-3200536464-3375982059-3076520942-512","PrincipalType":"Group","RightName":"WriteOwner","AceType":"","IsInherited":false},{"PrincipalSID":"S-1-5-21-3200536464-3375982059-3076520942-519","PrincipalType":"Group","RightName":"GenericAll","AceType":"","IsInherited":true},{"PrincipalSID":"CYBERDEFENDERS.ORG-S-1-5-32-544","PrincipalType":"Group","RightName":"WriteDacl","AceType":"","IsInherited":true},{"PrincipalSID":"CYBERDEFENDERS.ORG-S-1-5-32-544","PrincipalType":"Group","RightName":"WriteOwner","AceType":"","IsInherited":true}]}],"meta":{"count":1,"type":"ous","version":3}}