﻿{"computers":[{"Properties":{"haslaps":false,"highvalue":false,"name":"PC01.CYBERDEFENDERS.ORG","domain":"CYBERDEFENDERS.ORG","objectid":"S-1-5-21-3200536464-3375982059-3076520942-1103","distinguishedname":"CN=PC01,CN=Computers,DC=cyberdefenders,DC=org","description":null,"enabled":true,"unconstraineddelegation":false,"serviceprincipalnames":["RestrictedKrbHost/PC01","HOST/PC01","RestrictedKrbHost/PC01.cyberdefenders.org","HOST/PC01.cyberdefenders.org"],"lastlogontimestamp":1637345168,"pwdlastset":1637345104,"operatingsystem":"Windows 10 Enterprise 2016 LTSB"},"AllowedToDelegate":[],"AllowedToAct":[],"PrimaryGroupSid":"S-1-5-21-3200536464-3375982059-3076520942-515","Sessions":[],"LocalAdmins":[{"MemberId":"S-1-5-21-3200536464-3375982059-3076520942-512","MemberType":"Group"}],"RemoteDesktopUsers":[],"DcomUsers":[],"PSRemoteUsers":[],"ObjectIdentifier":"S-1-5-21-3200536464-3375982059-3076520942-1103","Aces":[{"PrincipalSID":"S-1-5-21-3200536464-3375982059-3076520942-512","PrincipalType":"Group","RightName":"Owner","AceType":"","IsInherited":false},{"PrincipalSID":"CYBERDEFENDERS.ORG-S-1-5-32-548","PrincipalType":"Group","RightName":"GenericAll","AceType":"","IsInherited":false},{"PrincipalSID":"S-1-5-21-3200536464-3375982059-3076520942-512","PrincipalType":"Group","RightName":"GenericAll","AceType":"","IsInherited":false},{"PrincipalSID":"S-1-5-21-3200536464-3375982059-3076520942-519","PrincipalType":"Group","RightName":"GenericAll","AceType":"","IsInherited":true},{"PrincipalSID":"CYBERDEFENDERS.ORG-S-1-5-32-544","PrincipalType":"Group","RightName":"WriteDacl","AceType":"","IsInherited":true},{"PrincipalSID":"CYBERDEFENDERS.ORG-S-1-5-32-544","PrincipalType":"Group","RightName":"WriteOwner","AceType":"","IsInherited":true},{"PrincipalSID":"CYBERDEFENDERS.ORG-S-1-5-32-544","PrincipalType":"Group","RightName":"GenericWrite","AceType":"","IsInherited":true}]},{"Properties":{"haslaps":false,"highvalue":false,"name":"DC01.CYBERDEFENDERS.ORG","domain":"CYBERDEFENDERS.ORG","objectid":"S-1-5-21-3200536464-3375982059-3076520942-1000","distinguishedname":"CN=DC01,OU=Domain Controllers,DC=cyberdefenders,DC=org","description":null,"enabled":true,"unconstraineddelegation":true,"serviceprincipalnames":["Dfsr-12F9A27C-BF97-4787-9364-D31B6C55EB04/dc01.cyberdefenders.org","ldap/WIN-S2Q73VVQ62E/CYBERDEFENDERS","HOST/WIN-S2Q73VVQ62E/cyberdefenders.org","ldap/WIN-S2Q73VVQ62E/ForestDnsZones.cyberdefenders.org","HOST/WIN-S2Q73VVQ62E/CYBERDEFENDERS","ldap/DC01/ForestDnsZones.cyberdefenders.org","ldap/WIN-S2Q73VVQ62E/DomainDnsZones.cyberdefenders.org","HOST/DC01/cyberdefenders.org","ldap/DC01/DomainDnsZones.cyberdefenders.org","GC/DC01/cyberdefenders.org","ldap/WIN-S2Q73VVQ62E/cyberdefenders.org","GC/WIN-S2Q73VVQ62E/cyberdefenders.org","ldap/DC01/cyberdefenders.org","RestrictedKrbHost/WIN-S2Q73VVQ62E","HOST/WIN-S2Q73VVQ62E","ldap/WIN-S2Q73VVQ62E","HOST/DC01/CYBERDEFENDERS","ldap/DC01/CYBERDEFENDERS","ldap/dc01.cyberdefenders.org/ForestDnsZones.cyberdefenders.org","ldap/dc01.cyberdefenders.org/DomainDnsZones.cyberdefenders.org","DNS/dc01.cyberdefenders.org","GC/dc01.cyberdefenders.org/cyberdefenders.org","RestrictedKrbHost/dc01.cyberdefenders.org","RestrictedKrbHost/DC01","HOST/dc01.cyberdefenders.org/CYBERDEFENDERS","HOST/DC01","HOST/dc01.cyberdefenders.org","HOST/dc01.cyberdefenders.org/cyberdefenders.org","ldap/dc01.cyberdefenders.org/CYBERDEFENDERS","ldap/DC01","ldap/dc01.cyberdefenders.org","ldap/dc01.cyberdefenders.org/cyberdefenders.org","RPC/e07075b0-6281-40bb-b64f-a35471d64e36._msdcs.cyberdefenders.org","E3514235-4B06-11D1-AB04-00C04FC2DCD2/e07075b0-6281-40bb-b64f-a35471d64e36/cyberdefenders.org","ldap/e07075b0-6281-40bb-b64f-a35471d64e36._msdcs.cyberdefenders.org"],"lastlogontimestamp":1637342119,"pwdlastset":1637342107,"operatingsystem":"Windows Server 2016 Standard Evaluation"},"AllowedToDelegate":[],"AllowedToAct":[],"PrimaryGroupSid":"S-1-5-21-3200536464-3375982059-3076520942-516","Sessions":[],"LocalAdmins":[{"MemberId":"S-1-5-21-3200536464-3375982059-3076520942-500","MemberType":"User"},{"MemberId":"S-1-5-21-3200536464-3375982059-3076520942-519","MemberType":"Group"},{"MemberId":"S-1-5-21-3200536464-3375982059-3076520942-512","MemberType":"Group"}],"RemoteDesktopUsers":[],"DcomUsers":[],"PSRemoteUsers":[],"ObjectIdentifier":"S-1-5-21-3200536464-3375982059-3076520942-1000","Aces":[{"PrincipalSID":"S-1-5-21-3200536464-3375982059-3076520942-512","PrincipalType":"Group","RightName":"Owner","AceType":"","IsInherited":false},{"PrincipalSID":"S-1-5-21-3200536464-3375982059-3076520942-512","PrincipalType":"Group","RightName":"GenericAll","AceType":"","IsInherited":false},{"PrincipalSID":"S-1-5-21-3200536464-3375982059-3076520942-519","PrincipalType":"Group","RightName":"GenericAll","AceType":"","IsInherited":true},{"PrincipalSID":"CYBERDEFENDERS.ORG-S-1-5-32-544","PrincipalType":"Group","RightName":"WriteDacl","AceType":"","IsInherited":true},{"PrincipalSID":"CYBERDEFENDERS.ORG-S-1-5-32-544","PrincipalType":"Group","RightName":"WriteOwner","AceType":"","IsInherited":true},{"PrincipalSID":"CYBERDEFENDERS.ORG-S-1-5-32-544","PrincipalType":"Group","RightName":"GenericWrite","AceType":"","IsInherited":true}]}],"meta":{"count":2,"type":"computers","version":3}}